{"type": "FeatureCollection", "features": [{"type": "Feature", "geometry": {"type": "Point", "coordinates": [103.841252, 22.335186]}, "properties": {"km": 0.0, "score": "dense", "cell_count": 230, "operators": ["Mobifone", "Vietnamobile", "Viettel", "Vinaphone"], "nearest_m": 33.15938675837461}}, {"type": "Feature", "geometry": {"type": "Point", "coordinates": [103.8400091872034, 22.336279462355943]}, "properties": {"km": 0.25, "score": "dense", "cell_count": 227, "operators": ["Mobifone", "Vietnamobile", "Viettel", "Vinaphone"], "nearest_m": 106.53963541791167}}, {"type": "Feature", "geometry": {"type": "Point", "coordinates": [103.84224917714884, 22.335492226026865]}, "properties": {"km": 0.5, "score": "dense", "cell_count": 230, "operators": ["Mobifone", "Vietnamobile", "Viettel", "Vinaphone"], "nearest_m": 60.43613907516521}}, {"type": "Feature", "geometry": {"type": "Point", "coordinates": [103.84409321901785, 22.33557523811384]}, "properties": {"km": 0.75, "score": "dense", "cell_count": 230, "operators": ["Mobifone", "Vietnamobile", "Viettel", "Vinaphone"], "nearest_m": 48.194684832807525}}, {"type": "Feature", "geometry": {"type": "Point", "coordinates": [103.84605805282179, 22.33463250129494]}, "properties": {"km": 1.0, "score": "dense", "cell_count": 230, "operators": ["Mobifone", "Vietnamobile", "Viettel", "Vinaphone"], "nearest_m": 41.2979117220607}}, {"type": "Feature", "geometry": {"type": "Point", "coordinates": [103.84782865522808, 22.33330753197994]}, "properties": {"km": 1.25, "score": "dense", "cell_count": 228, "operators": ["Mobifone", "Vietnamobile", "Viettel", "Vinaphone"], "nearest_m": 78.99001112831124}}, {"type": "Feature", "geometry": {"type": "Point", "coordinates": [103.84941902572547, 22.33300327330726]}, "properties": {"km": 1.5, "score": "dense", "cell_count": 229, "operators": ["Mobifone", "Vietnamobile", "Viettel", "Vinaphone"], "nearest_m": 183.26373944958462}}, {"type": "Feature", "geometry": {"type": "Point", "coordinates": [103.85069397804398, 22.33329967154578]}, "properties": {"km": 1.75, "score": "dense", "cell_count": 227, "operators": ["Mobifone", "Vietnamobile", "Viettel", "Vinaphone"], "nearest_m": 287.8208241040934}}, {"type": "Feature", "geometry": {"type": "Point", "coordinates": [103.85297416657139, 22.333764878753232]}, "properties": {"km": 2.0, "score": "dense", "cell_count": 225, "operators": ["Mobifone", "Vietnamobile", "Viettel", "Vinaphone"], "nearest_m": 373.4222076966527}}, {"type": "Feature", "geometry": {"type": "Point", "coordinates": [103.85533163283029, 22.333738398441366]}, "properties": {"km": 2.25, "score": "dense", "cell_count": 225, "operators": ["Mobifone", "Vietnamobile", "Viettel", "Vinaphone"], "nearest_m": 498.9516527692915}}, {"type": "Feature", "geometry": {"type": "Point", "coordinates": [103.8574337970904, 22.334525699272596]}, "properties": {"km": 2.5, "score": "dense", "cell_count": 225, "operators": ["Mobifone", "Vietnamobile", "Viettel", "Vinaphone"], "nearest_m": 622.929670628834}}, {"type": "Feature", "geometry": {"type": "Point", "coordinates": [103.85937805996664, 22.33396679497498]}, "properties": {"km": 2.75, "score": "dense", "cell_count": 225, "operators": ["Mobifone", "Vietnamobile", "Viettel", "Vinaphone"], "nearest_m": 781.6679411995971}}, {"type": "Feature", "geometry": {"type": "Point", "coordinates": [103.86054224113799, 22.332427216123374]}, "properties": {"km": 3.0, "score": "dense", "cell_count": 225, "operators": ["Mobifone", "Vietnamobile", "Viettel", "Vinaphone"], "nearest_m": 773.3272262948184}}, {"type": "Feature", "geometry": {"type": "Point", "coordinates": [103.86270662537748, 22.331679802671314]}, "properties": {"km": 3.25, "score": "dense", "cell_count": 218, "operators": ["Mobifone", "Vietnamobile", "Viettel", "Vinaphone"], "nearest_m": 943.8051379494489}}, {"type": "Feature", "geometry": {"type": "Point", "coordinates": [103.86386835132839, 22.330083745016857]}, "properties": {"km": 3.5, "score": "dense", "cell_count": 210, "operators": ["Mobifone", "Vietnamobile", "Viettel", "Vinaphone"], "nearest_m": 904.7899514876364}}, {"type": "Feature", "geometry": {"type": "Point", "coordinates": [103.86547596857719, 22.328550565443276]}, "properties": {"km": 3.75, "score": "dense", "cell_count": 201, "operators": ["Mobifone", "Vietnamobile", "Viettel", "Vinaphone"], "nearest_m": 730.0331306548369}}, {"type": "Feature", "geometry": {"type": "Point", "coordinates": [103.86751208119708, 22.328186664477833]}, "properties": {"km": 4.0, "score": "dense", "cell_count": 189, "operators": ["Mobifone", "Vietnamobile", "Viettel", "Vinaphone"], "nearest_m": 734.8528588616185}}, {"type": "Feature", "geometry": {"type": "Point", "coordinates": [103.86941108808028, 22.32716564317859]}, "properties": {"km": 4.25, "score": "dense", "cell_count": 157, "operators": ["Mobifone", "Vietnamobile", "Viettel", "Vinaphone"], "nearest_m": 731.980653501567}}, {"type": "Feature", "geometry": {"type": "Point", "coordinates": [103.87150426529043, 22.326819924202734]}, "properties": {"km": 4.5, "score": "dense", "cell_count": 117, "operators": ["Mobifone", "Vietnamobile", "Viettel", "Vinaphone"], "nearest_m": 857.2331201814753}}, {"type": "Feature", "geometry": {"type": "Point", "coordinates": [103.87279284316406, 22.326390294921733]}, "properties": {"km": 4.75, "score": "dense", "cell_count": 101, "operators": ["Mobifone", "Vietnamobile", "Viettel", "Vinaphone"], "nearest_m": 938.5337972804728}}, {"type": "Feature", "geometry": {"type": "Point", "coordinates": [103.87470852386078, 22.327345766925383]}, "properties": {"km": 5.0, "score": "dense", "cell_count": 84, "operators": ["Mobifone", "Vietnamobile", "Viettel", "Vinaphone"], "nearest_m": 1131.3714288829192}}, {"type": "Feature", "geometry": {"type": "Point", "coordinates": [103.8762400573158, 22.32583645701316]}, "properties": {"km": 5.25, "score": "dense", "cell_count": 69, "operators": ["Mobifone", "Vietnamobile", "Viettel", "Vinaphone"], "nearest_m": 904.2113471992935}}, {"type": "Feature", "geometry": {"type": "Point", "coordinates": [103.87684518436197, 22.32429738546013]}, "properties": {"km": 5.5, "score": "dense", "cell_count": 58, "operators": ["Mobifone", "Vietnamobile", "Viettel", "Vinaphone"], "nearest_m": 727.7504496733795}}, {"type": "Feature", "geometry": {"type": "Point", "coordinates": [103.8768852161436, 22.323074234977508]}, "properties": {"km": 5.75, "score": "dense", "cell_count": 53, "operators": ["Mobifone", "Vietnamobile", "Viettel", "Vinaphone"], "nearest_m": 619.990867788203}}, {"type": "Feature", "geometry": {"type": "Point", "coordinates": [103.87650616189606, 22.322224695242717]}, "properties": {"km": 6.0, "score": "dense", "cell_count": 53, "operators": ["Mobifone", "Vietnamobile", "Viettel", "Vinaphone"], "nearest_m": 585.0203876877981}}, {"type": "Feature", "geometry": {"type": "Point", "coordinates": [103.87475100658196, 22.32245233406466]}, "properties": {"km": 6.25, "score": "dense", "cell_count": 66, "operators": ["Mobifone", "Vietnamobile", "Viettel", "Vinaphone"], "nearest_m": 748.6972261966746}}, {"type": "Feature", "geometry": {"type": "Point", "coordinates": [103.87303292570914, 22.321568287790104]}, "properties": {"km": 6.5, "score": "dense", "cell_count": 80, "operators": ["Mobifone", "Vietnamobile", "Viettel", "Vinaphone"], "nearest_m": 757.8713550104196}}, {"type": "Feature", "geometry": {"type": "Point", "coordinates": [103.87073797376915, 22.321992296956083]}, "properties": {"km": 6.75, "score": "dense", "cell_count": 104, "operators": ["Mobifone", "Vietnamobile", "Viettel", "Vinaphone"], "nearest_m": 590.2224941044727}}, {"type": "Feature", "geometry": {"type": "Point", "coordinates": [103.86854346672787, 22.321686850045907]}, "properties": {"km": 7.0, "score": "dense", "cell_count": 126, "operators": ["Mobifone", "Vietnamobile", "Viettel", "Vinaphone"], "nearest_m": 366.1494429182964}}, {"type": "Feature", "geometry": {"type": "Point", "coordinates": [103.86661005998056, 22.322705683175293]}, "properties": {"km": 7.25, "score": "dense", "cell_count": 177, "operators": ["Mobifone", "Vietnamobile", "Viettel", "Vinaphone"], "nearest_m": 183.26310558078214}}, {"type": "Feature", "geometry": {"type": "Point", "coordinates": [103.86429165542599, 22.32267313243408]}, "properties": {"km": 7.5, "score": "dense", "cell_count": 199, "operators": ["Mobifone", "Vietnamobile", "Viettel", "Vinaphone"], "nearest_m": 104.4567384360505}}, {"type": "Feature", "geometry": {"type": "Point", "coordinates": [103.86231740898499, 22.32364400761695]}, "properties": {"km": 7.75, "score": "dense", "cell_count": 219, "operators": ["Mobifone", "Vietnamobile", "Viettel", "Vinaphone"], "nearest_m": 330.99630139899307}}, {"type": "Feature", "geometry": {"type": "Point", "coordinates": [103.86055153018431, 22.323424246263258]}, "properties": {"km": 8.0, "score": "dense", "cell_count": 223, "operators": ["Mobifone", "Vietnamobile", "Viettel", "Vinaphone"], "nearest_m": 275.4689955971904}}, {"type": "Feature", "geometry": {"type": "Point", "coordinates": [103.85833745927204, 22.323332114818008]}, "properties": {"km": 8.25, "score": "dense", "cell_count": 224, "operators": ["Mobifone", "Vietnamobile", "Viettel", "Vinaphone"], "nearest_m": 230.91480679319562}}, {"type": "Feature", "geometry": {"type": "Point", "coordinates": [103.8561764797763, 22.3228093776535]}, "properties": {"km": 8.5, "score": "dense", "cell_count": 227, "operators": ["Mobifone", "Vietnamobile", "Viettel", "Vinaphone"], "nearest_m": 224.87769387158258}}, {"type": "Feature", "geometry": {"type": "Point", "coordinates": [103.85559970148034, 22.32306091036236]}, "properties": {"km": 8.75, "score": "dense", "cell_count": 227, "operators": ["Mobifone", "Vietnamobile", "Viettel", "Vinaphone"], "nearest_m": 164.68727770627189}}, {"type": "Feature", "geometry": {"type": "Point", "coordinates": [103.85493724984248, 22.324975167821837]}, "properties": {"km": 9.0, "score": "dense", "cell_count": 224, "operators": ["Mobifone", "Vietnamobile", "Viettel", "Vinaphone"], "nearest_m": 149.26485858688957}}, {"type": "Feature", "geometry": {"type": "Point", "coordinates": [103.85437291999534, 22.32427491331861]}, "properties": {"km": 9.25, "score": "dense", "cell_count": 225, "operators": ["Mobifone", "Vietnamobile", "Viettel", "Vinaphone"], "nearest_m": 146.86188886405685}}, {"type": "Feature", "geometry": {"type": "Point", "coordinates": [103.85430439051264, 22.32232734387485]}, "properties": {"km": 9.5, "score": "dense", "cell_count": 224, "operators": ["Mobifone", "Vietnamobile", "Viettel", "Vinaphone"], "nearest_m": 81.08490757742027}}, {"type": "Feature", "geometry": {"type": "Point", "coordinates": [103.85393697069216, 22.320706937997024]}, "properties": {"km": 9.75, "score": "dense", "cell_count": 225, "operators": ["Mobifone", "Vietnamobile", "Viettel", "Vinaphone"], "nearest_m": 33.22570638120838}}, {"type": "Feature", "geometry": {"type": "Point", "coordinates": [103.85256501291626, 22.319931195465088]}, "properties": {"km": 10.0, "score": "dense", "cell_count": 224, "operators": ["Mobifone", "Vietnamobile", "Viettel", "Vinaphone"], "nearest_m": 189.50558871834872}}, {"type": "Feature", "geometry": {"type": "Point", "coordinates": [103.85137594669253, 22.318506282247004]}, "properties": {"km": 10.25, "score": "dense", "cell_count": 223, "operators": ["Mobifone", "Vietnamobile", "Viettel", "Vinaphone"], "nearest_m": 386.9706753870813}}, {"type": "Feature", "geometry": {"type": "Point", "coordinates": [103.85142847221745, 22.316766463668976]}, "properties": {"km": 10.5, "score": "dense", "cell_count": 221, "operators": ["Mobifone", "Vietnamobile", "Viettel", "Vinaphone"], "nearest_m": 531.8071555397039}}, {"type": "Feature", "geometry": {"type": "Point", "coordinates": [103.85078757906112, 22.316195992324914]}, "properties": {"km": 10.75, "score": "dense", "cell_count": 220, "operators": ["Mobifone", "Vietnamobile", "Viettel", "Vinaphone"], "nearest_m": 620.2434657279075}}, {"type": "Feature", "geometry": {"type": "Point", "coordinates": [103.84972082894002, 22.315135768928723]}, "properties": {"km": 11.0, "score": "dense", "cell_count": 218, "operators": ["Mobifone", "Vietnamobile", "Viettel", "Vinaphone"], "nearest_m": 775.778120438014}}, {"type": "Feature", "geometry": {"type": "Point", "coordinates": [103.84803363337664, 22.31639054758811]}, "properties": {"km": 11.25, "score": "dense", "cell_count": 217, "operators": ["Mobifone", "Vietnamobile", "Viettel", "Vinaphone"], "nearest_m": 799.6055160812598}}, {"type": "Feature", "geometry": {"type": "Point", "coordinates": [103.84634173743187, 22.31751931284064]}, "properties": {"km": 11.5, "score": "dense", "cell_count": 215, "operators": ["Mobifone", "Vietnamobile", "Viettel", "Vinaphone"], "nearest_m": 798.4054386347614}}, {"type": "Feature", "geometry": {"type": "Point", "coordinates": [103.84651600800082, 22.31944335199763]}, "properties": {"km": 11.75, "score": "dense", "cell_count": 216, "operators": ["Mobifone", "Vietnamobile", "Viettel", "Vinaphone"], "nearest_m": 622.5133463169822}}, {"type": "Feature", "geometry": {"type": "Point", "coordinates": [103.8465234795616, 22.320636978102524]}, "properties": {"km": 12.0, "score": "dense", "cell_count": 217, "operators": ["Mobifone", "Vietnamobile", "Viettel", "Vinaphone"], "nearest_m": 520.7656527012509}}, {"type": "Feature", "geometry": {"type": "Point", "coordinates": [103.84548901397326, 22.322263837332944]}, "properties": {"km": 12.25, "score": "dense", "cell_count": 224, "operators": ["Mobifone", "Vietnamobile", "Viettel", "Vinaphone"], "nearest_m": 320.651691523276}}, {"type": "Feature", "geometry": {"type": "Point", "coordinates": [103.84393012355149, 22.323592062798223]}, "properties": {"km": 12.5, "score": "dense", "cell_count": 227, "operators": ["Mobifone", "Vietnamobile", "Viettel", "Vinaphone"], "nearest_m": 105.88202325710319}}, {"type": "Feature", "geometry": {"type": "Point", "coordinates": [103.84338876505926, 22.32511197138331]}, "properties": {"km": 12.75, "score": "dense", "cell_count": 229, "operators": ["Mobifone", "Vietnamobile", "Viettel", "Vinaphone"], "nearest_m": 106.5340131194656}}, {"type": "Feature", "geometry": {"type": "Point", "coordinates": [103.84474677766201, 22.326039776620142]}, "properties": {"km": 13.0, "score": "dense", "cell_count": 229, "operators": ["Mobifone", "Vietnamobile", "Viettel", "Vinaphone"], "nearest_m": 179.7270289543128}}, {"type": "Feature", "geometry": {"type": "Point", "coordinates": [103.84567545094716, 22.32595480791626]}, "properties": {"km": 13.25, "score": "dense", "cell_count": 227, "operators": ["Mobifone", "Vietnamobile", "Viettel", "Vinaphone"], "nearest_m": 229.8520831205027}}, {"type": "Feature", "geometry": {"type": "Point", "coordinates": [103.8449986201752, 22.32747716201752]}, "properties": {"km": 13.5, "score": "dense", "cell_count": 230, "operators": ["Mobifone", "Vietnamobile", "Viettel", "Vinaphone"], "nearest_m": 118.27479108208033}}, {"type": "Feature", "geometry": {"type": "Point", "coordinates": [103.84516873819922, 22.329109825174992]}, "properties": {"km": 13.75, "score": "dense", "cell_count": 229, "operators": ["Mobifone", "Vietnamobile", "Viettel", "Vinaphone"], "nearest_m": 86.36898227612915}}, {"type": "Feature", "geometry": {"type": "Point", "coordinates": [103.84407909893262, 22.33107120498108]}, "properties": {"km": 14.0, "score": "dense", "cell_count": 230, "operators": ["Mobifone", "Vietnamobile", "Viettel", "Vinaphone"], "nearest_m": 95.0503169584561}}, {"type": "Feature", "geometry": {"type": "Point", "coordinates": [103.8427931737724, 22.332893809580916]}, "properties": {"km": 14.25, "score": "dense", "cell_count": 232, "operators": ["Mobifone", "Vietnamobile", "Viettel", "Vinaphone"], "nearest_m": 24.330321024439005}}, {"type": "Feature", "geometry": {"type": "Point", "coordinates": [103.84210581546841, 22.334594533671318]}, "properties": {"km": 14.5, "score": "dense", "cell_count": 231, "operators": ["Mobifone", "Vietnamobile", "Viettel", "Vinaphone"], "nearest_m": 46.38079810247147}}, {"type": "Feature", "geometry": {"type": "Point", "coordinates": [103.8428164508695, 22.33499322520005]}, "properties": {"km": 14.75, "score": "dense", "cell_count": 231, "operators": ["Mobifone", "Vietnamobile", "Viettel", "Vinaphone"], "nearest_m": 18.89357272510704}}, {"type": "Feature", "geometry": {"type": "Point", "coordinates": [103.84473020410907, 22.33518406118791]}, "properties": {"km": 15.0, "score": "dense", "cell_count": 231, "operators": ["Mobifone", "Vietnamobile", "Viettel", "Vinaphone"], "nearest_m": 94.87693104140985}}, {"type": "Feature", "geometry": {"type": "Point", "coordinates": [103.84666104748977, 22.33423]}, "properties": {"km": 15.25, "score": "dense", "cell_count": 230, "operators": ["Mobifone", "Vietnamobile", "Viettel", "Vinaphone"], "nearest_m": 109.33228518695255}}, {"type": "Feature", "geometry": {"type": "Point", "coordinates": [103.8484047682042, 22.33282148300941]}, "properties": {"km": 15.5, "score": "dense", "cell_count": 229, "operators": ["Mobifone", "Vietnamobile", "Viettel", "Vinaphone"], "nearest_m": 137.49926158330663}}, {"type": "Feature", "geometry": {"type": "Point", "coordinates": [103.84927743843514, 22.33368294188742]}, "properties": {"km": 15.75, "score": "dense", "cell_count": 229, "operators": ["Mobifone", "Vietnamobile", "Viettel", "Vinaphone"], "nearest_m": 136.03701271236318}}, {"type": "Feature", "geometry": {"type": "Point", "coordinates": [103.85145416351861, 22.33342296361113]}, "properties": {"km": 16.0, "score": "dense", "cell_count": 226, "operators": ["Mobifone", "Vietnamobile", "Viettel", "Vinaphone"], "nearest_m": 361.0213567848854}}, {"type": "Feature", "geometry": {"type": "Point", "coordinates": [103.85373692522595, 22.33384]}, "properties": {"km": 16.25, "score": "dense", "cell_count": 225, "operators": ["Mobifone", "Vietnamobile", "Viettel", "Vinaphone"], "nearest_m": 394.1825369046484}}, {"type": "Feature", "geometry": {"type": "Point", "coordinates": [103.8560490498607, 22.333896905927563]}, "properties": {"km": 16.5, "score": "dense", "cell_count": 222, "operators": ["Mobifone", "Vietnamobile", "Viettel", "Vinaphone"], "nearest_m": 540.8262506748026}}, {"type": "Feature", "geometry": {"type": "Point", "coordinates": [103.85814319650129, 22.334472800807397]}, "properties": {"km": 16.75, "score": "dense", "cell_count": 228, "operators": ["Mobifone", "Vietnamobile", "Viettel", "Vinaphone"], "nearest_m": 691.5140534950782}}, {"type": "Feature", "geometry": {"type": "Point", "coordinates": [103.85929016722955, 22.333353903005133]}, "properties": {"km": 17.0, "score": "dense", "cell_count": 225, "operators": ["Mobifone", "Vietnamobile", "Viettel", "Vinaphone"], "nearest_m": 728.3228776669108}}, {"type": "Feature", "geometry": {"type": "Point", "coordinates": [103.86125650528274, 22.332273656690703]}, "properties": {"km": 17.25, "score": "dense", "cell_count": 222, "operators": ["Mobifone", "Vietnamobile", "Viettel", "Vinaphone"], "nearest_m": 830.4110740438083}}, {"type": "Feature", "geometry": {"type": "Point", "coordinates": [103.86330263891284, 22.331325338826627]}, "properties": {"km": 17.5, "score": "dense", "cell_count": 210, "operators": ["Mobifone", "Vietnamobile", "Viettel", "Vinaphone"], "nearest_m": 956.5337651260303}}, {"type": "Feature", "geometry": {"type": "Point", "coordinates": [103.86441372381545, 22.329607552369115]}, "properties": {"km": 17.75, "score": "dense", "cell_count": 203, "operators": ["Mobifone", "Vietnamobile", "Viettel", "Vinaphone"], "nearest_m": 848.067988365802}}, {"type": "Feature", "geometry": {"type": "Point", "coordinates": [103.86598015071648, 22.32853556618901]}, "properties": {"km": 18.0, "score": "dense", "cell_count": 197, "operators": ["Mobifone", "Vietnamobile", "Viettel", "Vinaphone"], "nearest_m": 733.6817503903266}}, {"type": "Feature", "geometry": {"type": "Point", "coordinates": [103.86825390776634, 22.328001601075105]}, "properties": {"km": 18.25, "score": "dense", "cell_count": 180, "operators": ["Mobifone", "Vietnamobile", "Viettel", "Vinaphone"], "nearest_m": 746.5757204002005}}, {"type": "Feature", "geometry": {"type": "Point", "coordinates": [103.87007673379804, 22.326931465955937]}, "properties": {"km": 18.5, "score": "dense", "cell_count": 141, "operators": ["Mobifone", "Vietnamobile", "Viettel", "Vinaphone"], "nearest_m": 757.219022288428}}, {"type": "Feature", "geometry": {"type": "Point", "coordinates": [103.87215517440087, 22.326513660479307]}, "properties": {"km": 18.75, "score": "dense", "cell_count": 105, "operators": ["Mobifone", "Vietnamobile", "Viettel", "Vinaphone"], "nearest_m": 890.828866951}}, {"type": "Feature", "geometry": {"type": "Point", "coordinates": [103.87330966976799, 22.32679159534932]}, "properties": {"km": 19.0, "score": "dense", "cell_count": 96, "operators": ["Mobifone", "Vietnamobile", "Viettel", "Vinaphone"], "nearest_m": 1007.2011408740503}}, {"type": "Feature", "geometry": {"type": "Point", "coordinates": [103.8753209706426, 22.327067204248515]}, "properties": {"km": 19.25, "score": "dense", "cell_count": 76, "operators": ["Mobifone", "Vietnamobile", "Viettel", "Vinaphone"], "nearest_m": 1070.4686176248713}}, {"type": "Feature", "geometry": {"type": "Point", "coordinates": [103.87682397654788, 22.325361262514033]}, "properties": {"km": 19.5, "score": "dense", "cell_count": 59, "operators": ["Mobifone", "Vietnamobile", "Viettel", "Vinaphone"], "nearest_m": 827.5553219044453}}, {"type": "Feature", "geometry": {"type": "Point", "coordinates": [103.8765613445631, 22.324127446162013]}, "properties": {"km": 19.75, "score": "dense", "cell_count": 58, "operators": ["Mobifone", "Vietnamobile", "Viettel", "Vinaphone"], "nearest_m": 730.4277431657505}}, {"type": "Feature", "geometry": {"type": "Point", "coordinates": [103.87756412601581, 22.322869827985027]}, "properties": {"km": 20.0, "score": "dense", "cell_count": 52, "operators": ["Mobifone", "Vietnamobile", "Viettel", "Vinaphone"], "nearest_m": 556.8409391929891}}, {"type": "Feature", "geometry": {"type": "Point", "coordinates": [103.87605110497536, 22.32280544662661]}, "properties": {"km": 20.25, "score": "dense", "cell_count": 59, "operators": ["Mobifone", "Vietnamobile", "Viettel", "Vinaphone"], "nearest_m": 661.9624029859461}}, {"type": "Feature", "geometry": {"type": "Point", "coordinates": [103.87398802956443, 22.32254117282592]}, "properties": {"km": 20.5, "score": "dense", "cell_count": 77, "operators": ["Mobifone", "Vietnamobile", "Viettel", "Vinaphone"], "nearest_m": 821.7568528255767}}, {"type": "Feature", "geometry": {"type": "Point", "coordinates": [103.87227777596543, 22.32167140556071]}, "properties": {"km": 20.75, "score": "dense", "cell_count": 89, "operators": ["Mobifone", "Vietnamobile", "Viettel", "Vinaphone"], "nearest_m": 749.5016549845541}}, {"type": "Feature", "geometry": {"type": "Point", "coordinates": [103.87005584487734, 22.322185388464472]}, "properties": {"km": 21.0, "score": "dense", "cell_count": 112, "operators": ["Mobifone", "Vietnamobile", "Viettel", "Vinaphone"], "nearest_m": 520.4644826879687}}, {"type": "Feature", "geometry": {"type": "Point", "coordinates": [103.8678437723952, 22.321709658086988]}, "properties": {"km": 21.25, "score": "dense", "cell_count": 141, "operators": ["Mobifone", "Vietnamobile", "Viettel", "Vinaphone"], "nearest_m": 294.29380500938925}}, {"type": "Feature", "geometry": {"type": "Point", "coordinates": [103.86587420353966, 22.322887693215343]}, "properties": {"km": 21.5, "score": "dense", "cell_count": 191, "operators": ["Mobifone", "Vietnamobile", "Viettel", "Vinaphone"], "nearest_m": 133.52567922563537}}, {"type": "Feature", "geometry": {"type": "Point", "coordinates": [103.863564653781, 22.32288223605841]}, "properties": {"km": 21.75, "score": "dense", "cell_count": 205, "operators": ["Mobifone", "Vietnamobile", "Viettel", "Vinaphone"], "nearest_m": 177.26256147604718}}, {"type": "Feature", "geometry": {"type": "Point", "coordinates": [103.8616965221786, 22.32405907074672]}, "properties": {"km": 22.0, "score": "dense", "cell_count": 220, "operators": ["Mobifone", "Vietnamobile", "Viettel", "Vinaphone"], "nearest_m": 382.3049893651458}}, {"type": "Feature", "geometry": {"type": "Point", "coordinates": [103.85991177319747, 22.323081979381588]}, "properties": {"km": 22.25, "score": "dense", "cell_count": 223, "operators": ["Mobifone", "Vietnamobile", "Viettel", "Vinaphone"], "nearest_m": 231.68335459402536}}, {"type": "Feature", "geometry": {"type": "Point", "coordinates": [103.8576510786764, 22.32298892168064]}, "properties": {"km": 22.5, "score": "dense", "cell_count": 224, "operators": ["Mobifone", "Vietnamobile", "Viettel", "Vinaphone"], "nearest_m": 233.4346261701973}}, {"type": "Feature", "geometry": {"type": "Point", "coordinates": [103.85554751939513, 22.322391738619324]}, "properties": {"km": 22.75, "score": "dense", "cell_count": 227, "operators": ["Mobifone", "Vietnamobile", "Viettel", "Vinaphone"], "nearest_m": 172.95403008668305}}, {"type": "Feature", "geometry": {"type": "Point", "coordinates": [103.85515338254312, 22.323644349676705]}, "properties": {"km": 23.0, "score": "dense", "cell_count": 224, "operators": ["Mobifone", "Vietnamobile", "Viettel", "Vinaphone"], "nearest_m": 138.5951339908068}}, {"type": "Feature", "geometry": {"type": "Point", "coordinates": [103.85462247615425, 22.325552057532136]}, "properties": {"km": 23.25, "score": "dense", "cell_count": 227, "operators": ["Mobifone", "Vietnamobile", "Viettel", "Vinaphone"], "nearest_m": 81.12010834244302}}, {"type": "Feature", "geometry": {"type": "Point", "coordinates": [103.85408805781576, 22.323617759289416]}, "properties": {"km": 23.5, "score": "dense", "cell_count": 225, "operators": ["Mobifone", "Vietnamobile", "Viettel", "Vinaphone"], "nearest_m": 69.28630757545196}}, {"type": "Feature", "geometry": {"type": "Point", "coordinates": [103.85477636839835, 22.32175929193208]}, "properties": {"km": 23.75, "score": "dense", "cell_count": 226, "operators": ["Mobifone", "Vietnamobile", "Viettel", "Vinaphone"], "nearest_m": 116.21472733029472}}, {"type": "Feature", "geometry": {"type": "Point", "coordinates": [103.8536893984854, 22.32004022053934]}, "properties": {"km": 24.0, "score": "dense", "cell_count": 225, "operators": ["Mobifone", "Vietnamobile", "Viettel", "Vinaphone"], "nearest_m": 111.40237553230638}}, {"type": "Feature", "geometry": {"type": "Point", "coordinates": [103.85205387710275, 22.319710295123887]}, "properties": {"km": 24.25, "score": "dense", "cell_count": 224, "operators": ["Mobifone", "Vietnamobile", "Viettel", "Vinaphone"], "nearest_m": 246.25226627990418}}, {"type": "Feature", "geometry": {"type": "Point", "coordinates": [103.85084918483413, 22.31799048657193]}, "properties": {"km": 24.5, "score": "dense", "cell_count": 223, "operators": ["Mobifone", "Vietnamobile", "Viettel", "Vinaphone"], "nearest_m": 465.86539838059446}}, {"type": "Feature", "geometry": {"type": "Point", "coordinates": [103.85163241285899, 22.31648830441491]}, "properties": {"km": 24.75, "score": "dense", "cell_count": 220, "operators": ["Mobifone", "Vietnamobile", "Viettel", "Vinaphone"], "nearest_m": 529.0076106077161}}, {"type": "Feature", "geometry": {"type": "Point", "coordinates": [103.8500732327648, 22.31603467906386]}, "properties": {"km": 25.0, "score": "dense", "cell_count": 221, "operators": ["Mobifone", "Vietnamobile", "Viettel", "Vinaphone"], "nearest_m": 684.0992157039901}}, {"type": "Feature", "geometry": {"type": "Point", "coordinates": [103.84932452069707, 22.315525914215804]}, "properties": {"km": 25.25, "score": "dense", "cell_count": 219, "operators": ["Mobifone", "Vietnamobile", "Viettel", "Vinaphone"], "nearest_m": 775.7649918252641}}, {"type": "Feature", "geometry": {"type": "Point", "coordinates": [103.84729843172812, 22.316627670481562]}, "properties": {"km": 25.5, "score": "dense", "cell_count": 218, "operators": ["Mobifone", "Vietnamobile", "Viettel", "Vinaphone"], "nearest_m": 837.1537842738577}}, {"type": "Feature", "geometry": {"type": "Point", "coordinates": [103.84619020279958, 22.31822385780136]}, "properties": {"km": 25.75, "score": "dense", "cell_count": 215, "operators": ["Mobifone", "Vietnamobile", "Viettel", "Vinaphone"], "nearest_m": 721.2528978469186}}, {"type": "Feature", "geometry": {"type": "Point", "coordinates": [103.8470014576948, 22.31966220173649]}, "properties": {"km": 26.0, "score": "dense", "cell_count": 217, "operators": ["Mobifone", "Vietnamobile", "Viettel", "Vinaphone"], "nearest_m": 634.0880432371624}}, {"type": "Feature", "geometry": {"type": "Point", "coordinates": [103.8458802718787, 22.321017222740792]}, "properties": {"km": 26.25, "score": "dense", "cell_count": 217, "operators": ["Mobifone", "Vietnamobile", "Viettel", "Vinaphone"], "nearest_m": 444.72585602607984}}, {"type": "Feature", "geometry": {"type": "Point", "coordinates": [103.8453428628347, 22.322944570867485]}, "properties": {"km": 26.5, "score": "dense", "cell_count": 224, "operators": ["Mobifone", "Vietnamobile", "Viettel", "Vinaphone"], "nearest_m": 268.0469414860576}}, {"type": "Feature", "geometry": {"type": "Point", "coordinates": [103.84319873728705, 22.32382562686955]}, "properties": {"km": 26.75, "score": "dense", "cell_count": 228, "operators": ["Mobifone", "Vietnamobile", "Viettel", "Vinaphone"], "nearest_m": 28.17512152737792}}, {"type": "Feature", "geometry": {"type": "Point", "coordinates": [103.84361579871054, 22.325545598342128]}, "properties": {"km": 27.0, "score": "dense", "cell_count": 229, "operators": ["Mobifone", "Vietnamobile", "Viettel", "Vinaphone"], "nearest_m": 81.02502552607012}}, {"type": "Feature", "geometry": {"type": "Point", "coordinates": [103.84483945486072, 22.32636027270302]}, "properties": {"km": 27.25, "score": "dense", "cell_count": 229, "operators": ["Mobifone", "Vietnamobile", "Viettel", "Vinaphone"], "nearest_m": 193.39962704811097}}, {"type": "Feature", "geometry": {"type": "Point", "coordinates": [103.84533020085667, 22.32658959828667]}, "properties": {"km": 27.5, "score": "dense", "cell_count": 228, "operators": ["Mobifone", "Vietnamobile", "Viettel", "Vinaphone"], "nearest_m": 171.29493608828926}}, {"type": "Feature", "geometry": {"type": "Point", "coordinates": [103.8455623156419, 22.32776793687162]}, "properties": {"km": 27.75, "score": "dense", "cell_count": 228, "operators": ["Mobifone", "Vietnamobile", "Viettel", "Vinaphone"], "nearest_m": 51.89029646120288}}, {"type": "Feature", "geometry": {"type": "Point", "coordinates": [103.84484042471627, 22.329765383379563]}, "properties": {"km": 28.0, "score": "dense", "cell_count": 228, "operators": ["Mobifone", "Vietnamobile", "Viettel", "Vinaphone"], "nearest_m": 30.82193719913175}}, {"type": "Feature", "geometry": {"type": "Point", "coordinates": [103.84364803652977, 22.331650930999338]}, "properties": {"km": 28.25, "score": "dense", "cell_count": 231, "operators": ["Mobifone", "Vietnamobile", "Viettel", "Vinaphone"], "nearest_m": 77.13186639655797}}, {"type": "Feature", "geometry": {"type": "Point", "coordinates": [103.84235378852482, 22.333487091919963]}, "properties": {"km": 28.5, "score": "dense", "cell_count": 232, "operators": ["Mobifone", "Vietnamobile", "Viettel", "Vinaphone"], "nearest_m": 65.25081982762018}}, {"type": "Feature", "geometry": {"type": "Point", "coordinates": [103.8418881363353, 22.335242344451817]}, "properties": {"km": 28.75, "score": "dense", "cell_count": 230, "operators": ["Mobifone", "Vietnamobile", "Viettel", "Vinaphone"], "nearest_m": 29.300896084473024}}, {"type": "Feature", "geometry": {"type": "Point", "coordinates": [103.84340864330898, 22.335189189580607]}, "properties": {"km": 29.0, "score": "dense", "cell_count": 232, "operators": ["Mobifone", "Vietnamobile", "Viettel", "Vinaphone"], "nearest_m": 47.00085985170583}}, {"type": "Feature", "geometry": {"type": "Point", "coordinates": [103.84534889882224, 22.33495120447001]}, "properties": {"km": 29.25, "score": "dense", "cell_count": 231, "operators": ["Mobifone", "Vietnamobile", "Viettel", "Vinaphone"], "nearest_m": 67.18705666229134}}, {"type": "Feature", "geometry": {"type": "Point", "coordinates": [103.84724271035786, 22.333865994565446]}, "properties": {"km": 29.5, "score": "dense", "cell_count": 229, "operators": ["Mobifone", "Vietnamobile", "Viettel", "Vinaphone"], "nearest_m": 79.30246357216964}}, {"type": "Feature", "geometry": {"type": "Point", "coordinates": [103.84895133576889, 22.332561391730373]}, "properties": {"km": 29.75, "score": "dense", "cell_count": 229, "operators": ["Mobifone", "Vietnamobile", "Viettel", "Vinaphone"], "nearest_m": 187.51929779944112}}, {"type": "Feature", "geometry": {"type": "Point", "coordinates": [103.85000032883113, 22.333687879197168]}, "properties": {"km": 30.0, "score": "dense", "cell_count": 228, "operators": ["Mobifone", "Vietnamobile", "Viettel", "Vinaphone"], "nearest_m": 208.6479381891376}}, {"type": "Feature", "geometry": {"type": "Point", "coordinates": [103.85213186322716, 22.333694820515927]}, "properties": {"km": 30.25, "score": "dense", "cell_count": 225, "operators": ["Mobifone", "Vietnamobile", "Viettel", "Vinaphone"], "nearest_m": 367.7693514805976}}, {"type": "Feature", "geometry": {"type": "Point", "coordinates": [103.85451395487725, 22.333845578271088]}, "properties": {"km": 30.5, "score": "dense", "cell_count": 224, "operators": ["Mobifone", "Vietnamobile", "Viettel", "Vinaphone"], "nearest_m": 435.75938447160047}}, {"type": "Feature", "geometry": {"type": "Point", "coordinates": [103.85678350444401, 22.334157890864002]}, "properties": {"km": 30.75, "score": "dense", "cell_count": 224, "operators": ["Mobifone", "Vietnamobile", "Viettel", "Vinaphone"], "nearest_m": 584.7501967876307}}, {"type": "Feature", "geometry": {"type": "Point", "coordinates": [103.85880695929411, 22.334222040705885]}, "properties": {"km": 31.0, "score": "dense", "cell_count": 226, "operators": ["Mobifone", "Vietnamobile", "Viettel", "Vinaphone"], "nearest_m": 762.6425766280342}}, {"type": "Feature", "geometry": {"type": "Point", "coordinates": [103.8598278654976, 22.332826134502398]}, "properties": {"km": 31.25, "score": "dense", "cell_count": 224, "operators": ["Mobifone", "Vietnamobile", "Viettel", "Vinaphone"], "nearest_m": 735.0655121926058}}, {"type": "Feature", "geometry": {"type": "Point", "coordinates": [103.86192736119644, 22.33194298714011]}, "properties": {"km": 31.5, "score": "dense", "cell_count": 219, "operators": ["Mobifone", "Vietnamobile", "Viettel", "Vinaphone"], "nearest_m": 878.5959133324891}}, {"type": "Feature", "geometry": {"type": "Point", "coordinates": [103.86347414359143, 22.330625564085604]}, "properties": {"km": 31.75, "score": "dense", "cell_count": 210, "operators": ["Mobifone", "Vietnamobile", "Viettel", "Vinaphone"], "nearest_m": 913.6411921384988}}, {"type": "Feature", "geometry": {"type": "Point", "coordinates": [103.86490420548341, 22.329092342462207]}, "properties": {"km": 32.0, "score": "dense", "cell_count": 202, "operators": ["Mobifone", "Vietnamobile", "Viettel", "Vinaphone"], "nearest_m": 788.6940530847326}}, {"type": "Feature", "geometry": {"type": "Point", "coordinates": [103.8666764572703, 22.32824477136485]}, "properties": {"km": 32.25, "score": "dense", "cell_count": 195, "operators": ["Mobifone", "Vietnamobile", "Viettel", "Vinaphone"], "nearest_m": 715.4781025959734}}, {"type": "Feature", "geometry": {"type": "Point", "coordinates": [103.86866302913354, 22.32741841223554]}, "properties": {"km": 32.5, "score": "dense", "cell_count": 173, "operators": ["Mobifone", "Vietnamobile", "Viettel", "Vinaphone"], "nearest_m": 710.6123420660103}}, {"type": "Feature", "geometry": {"type": "Point", "coordinates": [103.87080314475368, 22.326668763924957]}, "properties": {"km": 32.75, "score": "dense", "cell_count": 124, "operators": ["Mobifone", "Vietnamobile", "Viettel", "Vinaphone"], "nearest_m": 791.0862428466808}}, {"type": "Feature", "geometry": {"type": "Point", "coordinates": [103.87222083135683, 22.32608968426748]}, "properties": {"km": 33.0, "score": "dense", "cell_count": 101, "operators": ["Mobifone", "Vietnamobile", "Viettel", "Vinaphone"], "nearest_m": 870.8984630512753}}, {"type": "Feature", "geometry": {"type": "Point", "coordinates": [103.8738878452965, 22.327237211324125]}, "properties": {"km": 33.25, "score": "dense", "cell_count": 93, "operators": ["Mobifone", "Vietnamobile", "Viettel", "Vinaphone"], "nearest_m": 1083.9324345896632}}, {"type": "Feature", "geometry": {"type": "Point", "coordinates": [103.87578177096121, 22.326482947436137]}, "properties": {"km": 33.5, "score": "dense", "cell_count": 75, "operators": ["Mobifone", "Vietnamobile", "Viettel", "Vinaphone"], "nearest_m": 990.1723827625132}}, {"type": "Feature", "geometry": {"type": "Point", "coordinates": [103.8768795938375, 22.32486413252198]}, "properties": {"km": 33.75, "score": "dense", "cell_count": 58, "operators": ["Mobifone", "Vietnamobile", "Viettel", "Vinaphone"], "nearest_m": 777.7022593193028}}, {"type": "Feature", "geometry": {"type": "Point", "coordinates": [103.8765076590848, 22.32377290531627]}, "properties": {"km": 34.0, "score": "dense", "cell_count": 59, "operators": ["Mobifone", "Vietnamobile", "Viettel", "Vinaphone"], "nearest_m": 703.7034985098161}}, {"type": "Feature", "geometry": {"type": "Point", "coordinates": [103.87728289845975, 22.322428286152277]}, "properties": {"km": 34.25, "score": "dense", "cell_count": 52, "operators": ["Mobifone", "Vietnamobile", "Viettel", "Vinaphone"], "nearest_m": 539.9201946390396}}, {"type": "Feature", "geometry": {"type": "Point", "coordinates": [103.87535008622777, 22.322958965546135]}, "properties": {"km": 34.5, "score": "dense", "cell_count": 62, "operators": ["Mobifone", "Vietnamobile", "Viettel", "Vinaphone"], "nearest_m": 729.0728340773993}}, {"type": "Feature", "geometry": {"type": "Point", "coordinates": [103.87335360871528, 22.3222688315929]}, "properties": {"km": 34.75, "score": "dense", "cell_count": 82, "operators": ["Mobifone", "Vietnamobile", "Viettel", "Vinaphone"], "nearest_m": 825.8093642167503}}, {"type": "Feature", "geometry": {"type": "Point", "coordinates": [103.87149460172832, 22.32163469490073]}, "properties": {"km": 35.0, "score": "dense", "cell_count": 94, "operators": ["Mobifone", "Vietnamobile", "Viettel", "Vinaphone"], "nearest_m": 669.2851006638435}}, {"type": "Feature", "geometry": {"type": "Point", "coordinates": [103.86931492538811, 22.32199331276462]}, "properties": {"km": 35.25, "score": "dense", "cell_count": 118, "operators": ["Mobifone", "Vietnamobile", "Viettel", "Vinaphone"], "nearest_m": 443.84429242521867}}, {"type": "Feature", "geometry": {"type": "Point", "coordinates": [103.86724224519884, 22.3221805712371]}, "properties": {"km": 35.5, "score": "dense", "cell_count": 156, "operators": ["Mobifone", "Vietnamobile", "Viettel", "Vinaphone"], "nearest_m": 231.5149361174532}}, {"type": "Feature", "geometry": {"type": "Point", "coordinates": [103.86513336395586, 22.32266180179812]}, "properties": {"km": 35.75, "score": "dense", "cell_count": 194, "operators": ["Mobifone", "Vietnamobile", "Viettel", "Vinaphone"], "nearest_m": 74.85671458187342}}, {"type": "Feature", "geometry": {"type": "Point", "coordinates": [103.86311303947942, 22.323455260954418]}, "properties": {"km": 36.0, "score": "dense", "cell_count": 207, "operators": ["Mobifone", "Vietnamobile", "Viettel", "Vinaphone"], "nearest_m": 252.70204684183707}}, {"type": "Feature", "geometry": {"type": "Point", "coordinates": [103.86098808118322, 22.324094135204586]}, "properties": {"km": 36.25, "score": "dense", "cell_count": 222, "operators": ["Mobifone", "Vietnamobile", "Viettel", "Vinaphone"], "nearest_m": 358.75026669705704}}, {"type": "Feature", "geometry": {"type": "Point", "coordinates": [103.85913174403181, 22.32313908864435]}, "properties": {"km": 36.5, "score": "dense", "cell_count": 223, "operators": ["Mobifone", "Vietnamobile", "Viettel", "Vinaphone"], "nearest_m": 254.07049084436662}}, {"type": "Feature", "geometry": {"type": "Point", "coordinates": [103.85693041275192, 22.322807793624037]}, "properties": {"km": 36.75, "score": "dense", "cell_count": 226, "operators": ["Mobifone", "Vietnamobile", "Viettel", "Vinaphone"], "nearest_m": 243.86729527976962}}, {"type": "Feature", "geometry": {"type": "Point", "coordinates": [103.8550572019035, 22.322463971126044]}, "properties": {"km": 37.0, "score": "dense", "cell_count": 224, "operators": ["Mobifone", "Vietnamobile", "Viettel", "Vinaphone"], "nearest_m": 124.00904529089999}}, {"type": "Feature", "geometry": {"type": "Point", "coordinates": [103.85472589032116, 22.324239561284642]}, "properties": {"km": 37.25, "score": "dense", "cell_count": 225, "operators": ["Mobifone", "Vietnamobile", "Viettel", "Vinaphone"], "nearest_m": 156.7575265808679}}, {"type": "Feature", "geometry": {"type": "Point", "coordinates": [103.85463547492431, 22.3250088098541]}, "properties": {"km": 37.5, "score": "dense", "cell_count": 226, "operators": ["Mobifone", "Vietnamobile", "Viettel", "Vinaphone"], "nearest_m": 128.14046524628887}}, {"type": "Feature", "geometry": {"type": "Point", "coordinates": [103.85447454408587, 22.323037108685273]}, "properties": {"km": 37.75, "score": "dense", "cell_count": 225, "operators": ["Mobifone", "Vietnamobile", "Viettel", "Vinaphone"], "nearest_m": 48.98649118411571}}, {"type": "Feature", "geometry": {"type": "Point", "coordinates": [103.85464542751835, 22.32104716953304]}, "properties": {"km": 38.0, "score": "dense", "cell_count": 226, "operators": ["Mobifone", "Vietnamobile", "Viettel", "Vinaphone"], "nearest_m": 66.59756126095346}}, {"type": "Feature", "geometry": {"type": "Point", "coordinates": [103.85317020194947, 22.320011767356288]}, "properties": {"km": 38.25, "score": "dense", "cell_count": 224, "operators": ["Mobifone", "Vietnamobile", "Viettel", "Vinaphone"], "nearest_m": 139.14262863979982}}, {"type": "Feature", "geometry": {"type": "Point", "coordinates": [103.85185648593266, 22.319119026495347]}, "properties": {"km": 38.5, "score": "dense", "cell_count": 224, "operators": ["Mobifone", "Vietnamobile", "Viettel", "Vinaphone"], "nearest_m": 303.9104799798767}}, {"type": "Feature", "geometry": {"type": "Point", "coordinates": [103.8510300860055, 22.317383700629268]}, "properties": {"km": 38.75, "score": "dense", "cell_count": 223, "operators": ["Mobifone", "Vietnamobile", "Viettel", "Vinaphone"], "nearest_m": 505.00022647984247}}, {"type": "Feature", "geometry": {"type": "Point", "coordinates": [103.85157445500829, 22.316313309999575]}, "properties": {"km": 39.0, "score": "dense", "cell_count": 220, "operators": ["Mobifone", "Vietnamobile", "Viettel", "Vinaphone"], "nearest_m": 544.5085432863949}}, {"type": "Feature", "geometry": {"type": "Point", "coordinates": [103.84945320492751, 22.315687740041422]}, "properties": {"km": 39.25, "score": "dense", "cell_count": 220, "operators": ["Mobifone", "Vietnamobile", "Viettel", "Vinaphone"], "nearest_m": 753.4398698562233}}, {"type": "Feature", "geometry": {"type": "Point", "coordinates": [103.84877423748637, 22.316044762513627]}, "properties": {"km": 39.5, "score": "dense", "cell_count": 217, "operators": ["Mobifone", "Vietnamobile", "Viettel", "Vinaphone"], "nearest_m": 769.7764624223449}}, {"type": "Feature", "geometry": {"type": "Point", "coordinates": [103.84652683155966, 22.316782542110086]}, "properties": {"km": 39.75, "score": "dense", "cell_count": 215, "operators": ["Mobifone", "Vietnamobile", "Viettel", "Vinaphone"], "nearest_m": 880.7322033878505}}, {"type": "Feature", "geometry": {"type": "Point", "coordinates": [103.84641652752623, 22.31884319107484]}, "properties": {"km": 40.0, "score": "dense", "cell_count": 216, "operators": ["Mobifone", "Vietnamobile", "Viettel", "Vinaphone"], "nearest_m": 672.5368662725964}}, {"type": "Feature", "geometry": {"type": "Point", "coordinates": [103.84709499338405, 22.32006579652549]}, "properties": {"km": 40.25, "score": "dense", "cell_count": 217, "operators": ["Mobifone", "Vietnamobile", "Viettel", "Vinaphone"], "nearest_m": 607.2900998882352}}, {"type": "Feature", "geometry": {"type": "Point", "coordinates": [103.84538185945311, 22.321486029319146]}, "properties": {"km": 40.5, "score": "dense", "cell_count": 221, "operators": ["Mobifone", "Vietnamobile", "Viettel", "Vinaphone"], "nearest_m": 371.71129202902273}}, {"type": "Feature", "geometry": {"type": "Point", "coordinates": [103.84472069469349, 22.323312510373228]}, "properties": {"km": 40.75, "score": "dense", "cell_count": 226, "operators": ["Mobifone", "Vietnamobile", "Viettel", "Vinaphone"], "nearest_m": 192.79604350397315}}, {"type": "Feature", "geometry": {"type": "Point", "coordinates": [103.84305324485578, 22.324447377572106]}, "properties": {"km": 41.0, "score": "dense", "cell_count": 229, "operators": ["Mobifone", "Vietnamobile", "Viettel", "Vinaphone"], "nearest_m": 50.04669326498237}}, {"type": "Feature", "geometry": {"type": "Point", "coordinates": [103.84415673234173, 22.325808141266087]}, "properties": {"km": 41.25, "score": "dense", "cell_count": 229, "operators": ["Mobifone", "Vietnamobile", "Viettel", "Vinaphone"], "nearest_m": 120.87843297056364}}, {"type": "Feature", "geometry": {"type": "Point", "coordinates": [103.8452089552394, 22.32637778357045]}, "properties": {"km": 41.5, "score": "dense", "cell_count": 228, "operators": ["Mobifone", "Vietnamobile", "Viettel", "Vinaphone"], "nearest_m": 197.88414996517025}}, {"type": "Feature", "geometry": {"type": "Point", "coordinates": [103.84472817173642, 22.327044264857026]}, "properties": {"km": 41.75, "score": "dense", "cell_count": 230, "operators": ["Mobifone", "Vietnamobile", "Viettel", "Vinaphone"], "nearest_m": 168.54470696244826}}, {"type": "Feature", "geometry": {"type": "Point", "coordinates": [103.84553166728976, 22.328394702595975]}, "properties": {"km": 42.0, "score": "dense", "cell_count": 229, "operators": ["Mobifone", "Vietnamobile", "Viettel", "Vinaphone"], "nearest_m": 65.16709349346043}}, {"type": "Feature", "geometry": {"type": "Point", "coordinates": [103.8445577146973, 22.330449636444502]}, "properties": {"km": 42.25, "score": "dense", "cell_count": 230, "operators": ["Mobifone", "Vietnamobile", "Viettel", "Vinaphone"], "nearest_m": 67.59613834009764}}, {"type": "Feature", "geometry": {"type": "Point", "coordinates": [103.84319886034523, 22.33225151206748]}, "properties": {"km": 42.5, "score": "dense", "cell_count": 231, "operators": ["Mobifone", "Vietnamobile", "Viettel", "Vinaphone"], "nearest_m": 34.64826621829741}}, {"type": "Feature", "geometry": {"type": "Point", "coordinates": [103.84223196162027, 22.334071587846783]}, "properties": {"km": 42.75, "score": "dense", "cell_count": 231, "operators": ["Mobifone", "Vietnamobile", "Viettel", "Vinaphone"], "nearest_m": 25.15099599512332}}, {"type": "Feature", "geometry": {"type": "Point", "coordinates": [103.84220874057655, 22.335527219512148]}, "properties": {"km": 43.0, "score": "dense", "cell_count": 230, "operators": ["Mobifone", "Vietnamobile", "Viettel", "Vinaphone"], "nearest_m": 56.78578237749391}}, {"type": "Feature", "geometry": {"type": "Point", "coordinates": [103.8440425361217, 22.33559343480205]}, "properties": {"km": 43.25, "score": "dense", "cell_count": 230, "operators": ["Mobifone", "Vietnamobile", "Viettel", "Vinaphone"], "nearest_m": 45.41918298559591}}, {"type": "Feature", "geometry": {"type": "Point", "coordinates": [103.84600575108927, 22.334649211287093]}, "properties": {"km": 43.5, "score": "dense", "cell_count": 230, "operators": ["Mobifone", "Vietnamobile", "Viettel", "Vinaphone"], "nearest_m": 39.010410053181246}}, {"type": "Feature", "geometry": {"type": "Point", "coordinates": [103.84778523767368, 22.333339302818583]}, "properties": {"km": 43.75, "score": "dense", "cell_count": 228, "operators": ["Mobifone", "Vietnamobile", "Viettel", "Vinaphone"], "nearest_m": 76.71511083021977}}, {"type": "Feature", "geometry": {"type": "Point", "coordinates": [103.84944408459234, 22.332957664652252]}, "properties": {"km": 44.0, "score": "dense", "cell_count": 229, "operators": ["Mobifone", "Vietnamobile", "Viettel", "Vinaphone"], "nearest_m": 188.39976589505824}}, {"type": "Feature", "geometry": {"type": "Point", "coordinates": [103.850645100154, 22.33332163739092]}, "properties": {"km": 44.25, "score": "dense", "cell_count": 227, "operators": ["Mobifone", "Vietnamobile", "Viettel", "Vinaphone"], "nearest_m": 282.32192634181877}}, {"type": "Feature", "geometry": {"type": "Point", "coordinates": [103.85292186226546, 22.333748165094807]}, "properties": {"km": 44.5, "score": "dense", "cell_count": 225, "operators": ["Mobifone", "Vietnamobile", "Viettel", "Vinaphone"], "nearest_m": 373.8122590616237}}, {"type": "Feature", "geometry": {"type": "Point", "coordinates": [103.85527713485968, 22.333729824804422]}, "properties": {"km": 44.75, "score": "dense", "cell_count": 225, "operators": ["Mobifone", "Vietnamobile", "Viettel", "Vinaphone"], "nearest_m": 495.817628249312}}, {"type": "Feature", "geometry": {"type": "Point", "coordinates": [103.85737945530998, 22.33451630691375]}, "properties": {"km": 45.0, "score": "dense", "cell_count": 224, "operators": ["Mobifone", "Vietnamobile", "Viettel", "Vinaphone"], "nearest_m": 618.3858565563752}}, {"type": "Feature", "geometry": {"type": "Point", "coordinates": [103.85939921563795, 22.33401094787349]}, "properties": {"km": 45.25, "score": "dense", "cell_count": 225, "operators": ["Mobifone", "Vietnamobile", "Viettel", "Vinaphone"], "nearest_m": 786.6789661368687}}, {"type": "Feature", "geometry": {"type": "Point", "coordinates": [103.86049768716543, 22.332457635097327]}, "properties": {"km": 45.5, "score": "dense", "cell_count": 225, "operators": ["Mobifone", "Vietnamobile", "Viettel", "Vinaphone"], "nearest_m": 771.0239686946643}}, {"type": "Feature", "geometry": {"type": "Point", "coordinates": [103.86265211021754, 22.331671111021752]}, "properties": {"km": 45.75, "score": "dense", "cell_count": 218, "operators": ["Mobifone", "Vietnamobile", "Viettel", "Vinaphone"], "nearest_m": 938.1799915773723}}, {"type": "Feature", "geometry": {"type": "Point", "coordinates": [103.86381801286902, 22.33010499485239]}, "properties": {"km": 46.0, "score": "dense", "cell_count": 210, "operators": ["Mobifone", "Vietnamobile", "Viettel", "Vinaphone"], "nearest_m": 902.2376533772959}}, {"type": "Feature", "geometry": {"type": "Point", "coordinates": [103.8654237621964, 22.328556039095606]}, "properties": {"km": 46.25, "score": "dense", "cell_count": 201, "operators": ["Mobifone", "Vietnamobile", "Viettel", "Vinaphone"], "nearest_m": 730.3002333968344}}, {"type": "Feature", "geometry": {"type": "Point", "coordinates": [103.86745687657387, 22.328183057934442]}, "properties": {"km": 46.5, "score": "dense", "cell_count": 190, "operators": ["Mobifone", "Vietnamobile", "Viettel", "Vinaphone"], "nearest_m": 732.4990641379367}}, {"type": "Feature", "geometry": {"type": "Point", "coordinates": [103.86935678043238, 22.327174]}, "properties": {"km": 46.75, "score": "dense", "cell_count": 157, "operators": ["Mobifone", "Vietnamobile", "Viettel", "Vinaphone"], "nearest_m": 729.2640738676786}}, {"type": "Feature", "geometry": {"type": "Point", "coordinates": [103.87145115015223, 22.326834389960858]}, "properties": {"km": 47.0, "score": "dense", "cell_count": 116, "operators": ["Mobifone", "Vietnamobile", "Viettel", "Vinaphone"], "nearest_m": 853.9875427614959}}, {"type": "Feature", "geometry": {"type": "Point", "coordinates": [103.87279119044261, 22.32633909416337]}, "properties": {"km": 47.25, "score": "dense", "cell_count": 101, "operators": ["Mobifone", "Vietnamobile", "Viettel", "Vinaphone"], "nearest_m": 935.4395600826266}}, {"type": "Feature", "geometry": {"type": "Point", "coordinates": [103.87465402981248, 22.3273366897023]}, "properties": {"km": 47.5, "score": "dense", "cell_count": 84, "operators": ["Mobifone", "Vietnamobile", "Viettel", "Vinaphone"], "nearest_m": 1133.7616289548027}}, {"type": "Feature", "geometry": {"type": "Point", "coordinates": [103.87619699156937, 22.325868591061408]}, "properties": {"km": 47.75, "score": "dense", "cell_count": 69, "operators": ["Mobifone", "Vietnamobile", "Viettel", "Vinaphone"], "nearest_m": 909.6157454354916}}, {"type": "Feature", "geometry": {"type": "Point", "coordinates": [103.87683937889544, 22.324348313560343]}, "properties": {"km": 48.0, "score": "dense", "cell_count": 58, "operators": ["Mobifone", "Vietnamobile", "Viettel", "Vinaphone"], "nearest_m": 732.6902037416796}}, {"type": "Feature", "geometry": {"type": "Point", "coordinates": [103.8768459111206, 22.323110088879403]}, "properties": {"km": 48.25, "score": "dense", "cell_count": 53, "operators": ["Mobifone", "Vietnamobile", "Viettel", "Vinaphone"], "nearest_m": 625.6641805111879}}, {"type": "Feature", "geometry": {"type": "Point", "coordinates": [103.87655895731669, 22.322210371396963]}, "properties": {"km": 48.5, "score": "dense", "cell_count": 53, "operators": ["Mobifone", "Vietnamobile", "Viettel", "Vinaphone"], "nearest_m": 579.7568211141278}}, {"type": "Feature", "geometry": {"type": "Point", "coordinates": [103.87480613636086, 22.32245694602255]}, "properties": {"km": 48.75, "score": "dense", "cell_count": 66, "operators": ["Mobifone", "Vietnamobile", "Viettel", "Vinaphone"], "nearest_m": 744.0990091806453}}, {"type": "Feature", "geometry": {"type": "Point", "coordinates": [103.87308088533322, 22.321593731199936]}, "properties": {"km": 49.0, "score": "dense", "cell_count": 80, "operators": ["Mobifone", "Vietnamobile", "Viettel", "Vinaphone"], "nearest_m": 759.3006605960421}}, {"type": "Feature", "geometry": {"type": "Point", "coordinates": [103.87078889914265, 22.321972198058518]}, "properties": {"km": 49.25, "score": "dense", "cell_count": 104, "operators": ["Mobifone", "Vietnamobile", "Viettel", "Vinaphone"], "nearest_m": 595.4682474794749}}, {"type": "Feature", "geometry": {"type": "Point", "coordinates": [103.86859050320875, 22.321713479935003]}, "properties": {"km": 49.5, "score": "dense", "cell_count": 126, "operators": ["Mobifone", "Vietnamobile", "Viettel", "Vinaphone"], "nearest_m": 370.69983483129334}}, {"type": "Feature", "geometry": {"type": "Point", "coordinates": [103.86664912996267, 22.32266942441466]}, "properties": {"km": 49.75, "score": "dense", "cell_count": 177, "operators": ["Mobifone", "Vietnamobile", "Viettel", "Vinaphone"], "nearest_m": 185.24630091002956}}, {"type": "Feature", "geometry": {"type": "Point", "coordinates": [103.86434681483316, 22.322677577779977]}, "properties": {"km": 50.0, "score": "dense", "cell_count": 199, "operators": ["Mobifone", "Vietnamobile", "Viettel", "Vinaphone"], "nearest_m": 100.94965372243028}}, {"type": "Feature", "geometry": {"type": "Point", "coordinates": [103.86236985513914, 22.323627968352174]}, "properties": {"km": 50.25, "score": "dense", "cell_count": 214, "operators": ["Mobifone", "Vietnamobile", "Viettel", "Vinaphone"], "nearest_m": 325.51742400127426}}, {"type": "Feature", "geometry": {"type": "Point", "coordinates": [103.86059238892629, 22.323458296421002]}, "properties": {"km": 50.5, "score": "dense", "cell_count": 223, "operators": ["Mobifone", "Vietnamobile", "Viettel", "Vinaphone"], "nearest_m": 280.05942208710945}}, {"type": "Feature", "geometry": {"type": "Point", "coordinates": [103.85839091510617, 22.32334547877654]}, "properties": {"km": 50.75, "score": "dense", "cell_count": 224, "operators": ["Mobifone", "Vietnamobile", "Viettel", "Vinaphone"], "nearest_m": 233.05746519099318}}, {"type": "Feature", "geometry": {"type": "Point", "coordinates": [103.85622494812986, 22.322834103940252]}, "properties": {"km": 51.0, "score": "dense", "cell_count": 227, "operators": ["Mobifone", "Vietnamobile", "Viettel", "Vinaphone"], "nearest_m": 229.60426399174904}}, {"type": "Feature", "geometry": {"type": "Point", "coordinates": [103.85558490082735, 22.323011867769793]}, "properties": {"km": 51.25, "score": "dense", "cell_count": 227, "operators": ["Mobifone", "Vietnamobile", "Viettel", "Vinaphone"], "nearest_m": 163.03089711034593}}, {"type": "Feature", "geometry": {"type": "Point", "coordinates": [103.85494778941377, 22.32492495811044]}, "properties": {"km": 51.5, "score": "dense", "cell_count": 224, "operators": ["Mobifone", "Vietnamobile", "Viettel", "Vinaphone"], "nearest_m": 154.25246286418536}}, {"type": "Feature", "geometry": {"type": "Point", "coordinates": [103.85438989021837, 22.324323621130006]}, "properties": {"km": 51.75, "score": "dense", "cell_count": 225, "operators": ["Mobifone", "Vietnamobile", "Viettel", "Vinaphone"], "nearest_m": 152.54611030795178}}, {"type": "Feature", "geometry": {"type": "Point", "coordinates": [103.85427694074036, 22.322371765432727]}, "properties": {"km": 52.0, "score": "dense", "cell_count": 224, "operators": ["Mobifone", "Vietnamobile", "Viettel", "Vinaphone"], "nearest_m": 75.44149777831525}}, {"type": "Feature", "geometry": {"type": "Point", "coordinates": [103.85398244282153, 22.32073513123442]}, "properties": {"km": 52.25, "score": "dense", "cell_count": 225, "operators": ["Mobifone", "Vietnamobile", "Viettel", "Vinaphone"], "nearest_m": 29.50738224506432}}, {"type": "Feature", "geometry": {"type": "Point", "coordinates": [103.85259886486843, 22.31997165135527]}, "properties": {"km": 52.5, "score": "dense", "cell_count": 224, "operators": ["Mobifone", "Vietnamobile", "Viettel", "Vinaphone"], "nearest_m": 183.97687862502266}}, {"type": "Feature", "geometry": {"type": "Point", "coordinates": [103.85141185071036, 22.318544526572932]}, "properties": {"km": 52.75, "score": "dense", "cell_count": 223, "operators": ["Mobifone", "Vietnamobile", "Viettel", "Vinaphone"], "nearest_m": 381.3474332110335}}, {"type": "Feature", "geometry": {"type": "Point", "coordinates": [103.85143547889142, 22.316809433773738]}, "properties": {"km": 53.0, "score": "dense", "cell_count": 221, "operators": ["Mobifone", "Vietnamobile", "Viettel", "Vinaphone"], "nearest_m": 528.95267431128}}, {"type": "Feature", "geometry": {"type": "Point", "coordinates": [103.8508237143542, 22.316234804306372]}, "properties": {"km": 53.25, "score": "dense", "cell_count": 220, "operators": ["Mobifone", "Vietnamobile", "Viettel", "Vinaphone"], "nearest_m": 614.8634676075072}}, {"type": "Feature", "geometry": {"type": "Point", "coordinates": [103.84969732795285, 22.315182146433365]}, "properties": {"km": 53.5, "score": "dense", "cell_count": 218, "operators": ["Mobifone", "Vietnamobile", "Viettel", "Vinaphone"], "nearest_m": 774.9549808807419}}, {"type": "Feature", "geometry": {"type": "Point", "coordinates": [103.84807827366687, 22.31636034948322]}, "properties": {"km": 53.75, "score": "dense", "cell_count": 217, "operators": ["Mobifone", "Vietnamobile", "Viettel", "Vinaphone"], "nearest_m": 798.2525771957302}}, {"type": "Feature", "geometry": {"type": "Point", "coordinates": [103.84635016107609, 22.317468711391314]}, "properties": {"km": 54.0, "score": "dense", "cell_count": 215, "operators": ["Mobifone", "Vietnamobile", "Viettel", "Vinaphone"], "nearest_m": 803.8586334376945}}, {"type": "Feature", "geometry": {"type": "Point", "coordinates": [103.84651688310483, 22.3193932626075]}, "properties": {"km": 54.25, "score": "dense", "cell_count": 216, "operators": ["Mobifone", "Vietnamobile", "Viettel", "Vinaphone"], "nearest_m": 627.1069350151638}}, {"type": "Feature", "geometry": {"type": "Point", "coordinates": [103.84656580351965, 22.320603966387964]}, "properties": {"km": 54.5, "score": "dense", "cell_count": 217, "operators": ["Mobifone", "Vietnamobile", "Viettel", "Vinaphone"], "nearest_m": 526.4317638294762}}, {"type": "Feature", "geometry": {"type": "Point", "coordinates": [103.84548104628212, 22.32221318512846]}, "properties": {"km": 54.75, "score": "dense", "cell_count": 224, "operators": ["Mobifone", "Vietnamobile", "Viettel", "Vinaphone"], "nearest_m": 323.4268279394817}}, {"type": "Feature", "geometry": {"type": "Point", "coordinates": [103.84398420179954, 22.323581054218263]}, "properties": {"km": 55.0, "score": "dense", "cell_count": 227, "operators": ["Mobifone", "Vietnamobile", "Viettel", "Vinaphone"], "nearest_m": 111.43999578754881}}, {"type": "Feature", "geometry": {"type": "Point", "coordinates": [103.84335725937558, 22.32507025937558]}, "properties": {"km": 55.25, "score": "dense", "cell_count": 229, "operators": ["Mobifone", "Vietnamobile", "Viettel", "Vinaphone"], "nearest_m": 109.71926669455738}}, {"type": "Feature", "geometry": {"type": "Point", "coordinates": [103.84473123413852, 22.32599172356422]}, "properties": {"km": 55.5, "score": "dense", "cell_count": 229, "operators": ["Mobifone", "Vietnamobile", "Viettel", "Vinaphone"], "nearest_m": 178.07620811353218}}, {"type": "Feature", "geometry": {"type": "Point", "coordinates": [103.84569523015166, 22.325907209039467]}, "properties": {"km": 55.75, "score": "dense", "cell_count": 227, "operators": ["Mobifone", "Vietnamobile", "Viettel", "Vinaphone"], "nearest_m": 234.8097183527706}}, {"type": "Feature", "geometry": {"type": "Point", "coordinates": [103.84494356902148, 22.327471652717357]}, "properties": {"km": 56.0, "score": "dense", "cell_count": 230, "operators": ["Mobifone", "Vietnamobile", "Viettel", "Vinaphone"], "nearest_m": 123.52758381882113}}, {"type": "Feature", "geometry": {"type": "Point", "coordinates": [103.8451903720102, 22.329062673044916]}, "properties": {"km": 56.25, "score": "dense", "cell_count": 229, "operators": ["Mobifone", "Vietnamobile", "Viettel", "Vinaphone"], "nearest_m": 83.56718291817}}, {"type": "Feature", "geometry": {"type": "Point", "coordinates": [103.84409675292045, 22.331022868672353]}, "properties": {"km": 56.5, "score": "dense", "cell_count": 230, "operators": ["Mobifone", "Vietnamobile", "Viettel", "Vinaphone"], "nearest_m": 92.93897186529067}}, {"type": "Feature", "geometry": {"type": "Point", "coordinates": [103.84282268052367, 22.332850479214493]}, "properties": {"km": 56.75, "score": "dense", "cell_count": 232, "operators": ["Mobifone", "Vietnamobile", "Viettel", "Vinaphone"], "nearest_m": 24.678937039180123}}, {"type": "Feature", "geometry": {"type": "Point", "coordinates": [103.84215007228433, 22.33456456582845]}, "properties": {"km": 57.0, "score": "dense", "cell_count": 231, "operators": ["Mobifone", "Vietnamobile", "Viettel", "Vinaphone"], "nearest_m": 50.81890048174105}}, {"type": "Feature", "geometry": {"type": "Point", "coordinates": [103.84279020277245, 22.3350167437013]}, "properties": {"km": 57.25, "score": "dense", "cell_count": 231, "operators": ["Mobifone", "Vietnamobile", "Viettel", "Vinaphone"], "nearest_m": 21.658409566628684}}, {"type": "Feature", "geometry": {"type": "Point", "coordinates": [103.84471373516867, 22.335213978286173]}, "properties": {"km": 57.5, "score": "dense", "cell_count": 231, "operators": ["Mobifone", "Vietnamobile", "Viettel", "Vinaphone"], "nearest_m": 92.22763055996366}}, {"type": "Feature", "geometry": {"type": "Point", "coordinates": [103.84662456972912, 22.33423109792325]}, "properties": {"km": 57.75, "score": "dense", "cell_count": 230, "operators": ["Mobifone", "Vietnamobile", "Viettel", "Vinaphone"], "nearest_m": 106.94181375826673}}, {"type": "Feature", "geometry": {"type": "Point", "coordinates": [103.8483777980679, 22.332844269242795]}, "properties": {"km": 58.0, "score": "dense", "cell_count": 229, "operators": ["Mobifone", "Vietnamobile", "Viettel", "Vinaphone"], "nearest_m": 134.25768680164674}}, {"type": "Feature", "geometry": {"type": "Point", "coordinates": [103.84925745201437, 22.333654642336217]}, "properties": {"km": 58.25, "score": "dense", "cell_count": 229, "operators": ["Mobifone", "Vietnamobile", "Viettel", "Vinaphone"], "nearest_m": 134.9143895985561}}, {"type": "Feature", "geometry": {"type": "Point", "coordinates": [103.85141887152334, 22.333414217880833]}, "properties": {"km": 58.5, "score": "dense", "cell_count": 226, "operators": ["Mobifone", "Vietnamobile", "Viettel", "Vinaphone"], "nearest_m": 357.6256673456933}}, {"type": "Feature", "geometry": {"type": "Point", "coordinates": [103.85370049429719, 22.333842467427043]}, "properties": {"km": 58.75, "score": "dense", "cell_count": 225, "operators": ["Mobifone", "Vietnamobile", "Viettel", "Vinaphone"], "nearest_m": 392.25296702415767}}, {"type": "Feature", "geometry": {"type": "Point", "coordinates": [103.85601888815404, 22.333878110523237]}, "properties": {"km": 59.0, "score": "dense", "cell_count": 223, "operators": ["Mobifone", "Vietnamobile", "Viettel", "Vinaphone"], "nearest_m": 539.7827890171761}}, {"type": "Feature", "geometry": {"type": "Point", "coordinates": [103.85811112736216, 22.334487012051646]}, "properties": {"km": 59.25, "score": "dense", "cell_count": 228, "operators": ["Mobifone", "Vietnamobile", "Viettel", "Vinaphone"], "nearest_m": 687.8581163144996}}, {"type": "Feature", "geometry": {"type": "Point", "coordinates": [103.85926376262373, 22.333377237376272]}, "properties": {"km": 59.5, "score": "dense", "cell_count": 225, "operators": ["Mobifone", "Vietnamobile", "Viettel", "Vinaphone"], "nearest_m": 728.0282014307702}}, {"type": "Feature", "geometry": {"type": "Point", "coordinates": [103.86122529956471, 22.332256099722997]}, "properties": {"km": 59.75, "score": "dense", "cell_count": 222, "operators": ["Mobifone", "Vietnamobile", "Viettel", "Vinaphone"], "nearest_m": 826.6705311694727}}, {"type": "Feature", "geometry": {"type": "Point", "coordinates": [103.86328410770274, 22.331354434855793]}, "properties": {"km": 60.0, "score": "dense", "cell_count": 210, "operators": ["Mobifone", "Vietnamobile", "Viettel", "Vinaphone"], "nearest_m": 957.6276078719417}}, {"type": "Feature", "geometry": {"type": "Point", "coordinates": [103.86439601533068, 22.32963697955908]}, "properties": {"km": 60.25, "score": "dense", "cell_count": 203, "operators": ["Mobifone", "Vietnamobile", "Viettel", "Vinaphone"], "nearest_m": 851.4628546590985}}, {"type": "Feature", "geometry": {"type": "Point", "coordinates": [103.86595046560379, 22.328555274077356]}, "properties": {"km": 60.5, "score": "dense", "cell_count": 196, "operators": ["Mobifone", "Vietnamobile", "Viettel", "Vinaphone"], "nearest_m": 735.4403150318078}}, {"type": "Feature", "geometry": {"type": "Point", "coordinates": [103.8682195700947, 22.32801315353761]}, "properties": {"km": 60.75, "score": "dense", "cell_count": 180, "operators": ["Mobifone", "Vietnamobile", "Viettel", "Vinaphone"], "nearest_m": 746.1498830547374}}, {"type": "Feature", "geometry": {"type": "Point", "coordinates": [103.8700576458689, 22.32696028930049]}, "properties": {"km": 61.0, "score": "dense", "cell_count": 142, "operators": ["Mobifone", "Vietnamobile", "Viettel", "Vinaphone"], "nearest_m": 758.1946478785467}}, {"type": "Feature", "geometry": {"type": "Point", "coordinates": [103.87212730589836, 22.326535520576233]}, "properties": {"km": 61.25, "score": "dense", "cell_count": 105, "operators": ["Mobifone", "Vietnamobile", "Viettel", "Vinaphone"], "nearest_m": 889.837366911012}}, {"type": "Feature", "geometry": {"type": "Point", "coordinates": [103.87327965001764, 22.32677282500882]}, "properties": {"km": 61.5, "score": "dense", "cell_count": 96, "operators": ["Mobifone", "Vietnamobile", "Viettel", "Vinaphone"], "nearest_m": 1003.4766713165345}}, {"type": "Feature", "geometry": {"type": "Point", "coordinates": [103.87530249834641, 22.327096371031974]}, "properties": {"km": 61.75, "score": "dense", "cell_count": 76, "operators": ["Mobifone", "Vietnamobile", "Viettel", "Vinaphone"], "nearest_m": 1074.2232159442694}}, {"type": "Feature", "geometry": {"type": "Point", "coordinates": [103.87679860301904, 22.325385588773425]}, "properties": {"km": 62.0, "score": "dense", "cell_count": 59, "operators": ["Mobifone", "Vietnamobile", "Viettel", "Vinaphone"], "nearest_m": 831.2224831794857}}, {"type": "Feature", "geometry": {"type": "Point", "coordinates": [103.87659612026225, 22.32411774748673]}, "properties": {"km": 62.25, "score": "dense", "cell_count": 58, "operators": ["Mobifone", "Vietnamobile", "Viettel", "Vinaphone"], "nearest_m": 727.3530709002711}}, {"type": "Feature", "geometry": {"type": "Point", "coordinates": [103.87753880388577, 22.32289419611422]}, "properties": {"km": 62.5, "score": "dense", "cell_count": 51, "operators": ["Mobifone", "Vietnamobile", "Viettel", "Vinaphone"], "nearest_m": 560.5880839240001}}, {"type": "Feature", "geometry": {"type": "Point", "coordinates": [103.87749956230216, 22.32225642088024]}, "properties": {"km": 62.75, "score": "dense", "cell_count": 52, "operators": ["Mobifone", "Vietnamobile", "Viettel", "Vinaphone"], "nearest_m": 510.64943762696623}}, {"type": "Feature", "geometry": {"type": "Point", "coordinates": [103.87958664270988, 22.321899164751198]}, "properties": {"km": 63.0, "score": "dense", "cell_count": 51, "operators": ["Mobifone", "Vietnamobile", "Viettel", "Vinaphone"], "nearest_m": 353.6384848869668}}, {"type": "Feature", "geometry": {"type": "Point", "coordinates": [103.880128279306, 22.322714111886548]}, "properties": {"km": 63.25, "score": "dense", "cell_count": 49, "operators": ["Mobifone", "Vietnamobile", "Viettel", "Vinaphone"], "nearest_m": 422.61261881313817}}, {"type": "Feature", "geometry": {"type": "Point", "coordinates": [103.88099790151261, 22.323076223610656]}, "properties": {"km": 63.5, "score": "dense", "cell_count": 47, "operators": ["Mobifone", "Vietnamobile", "Viettel", "Vinaphone"], "nearest_m": 453.25543677331547}}, {"type": "Feature", "geometry": {"type": "Point", "coordinates": [103.88295750285177, 22.322973334293142]}, "properties": {"km": 63.75, "score": "dense", "cell_count": 42, "operators": ["Mobifone", "Vietnamobile", "Viettel", "Vinaphone"], "nearest_m": 485.53472127353405}}, {"type": "Feature", "geometry": {"type": "Point", "coordinates": [103.88515745289824, 22.32245451702171]}, "properties": {"km": 64.0, "score": "dense", "cell_count": 38, "operators": ["Mobifone", "Vietnamobile", "Viettel", "Vinaphone"], "nearest_m": 574.8356120541167}}, {"type": "Feature", "geometry": {"type": "Point", "coordinates": [103.88615447535562, 22.32113010579497]}, "properties": {"km": 64.25, "score": "dense", "cell_count": 38, "operators": ["Mobifone", "Vietnamobile", "Viettel", "Vinaphone"], "nearest_m": 580.709015763692}}, {"type": "Feature", "geometry": {"type": "Point", "coordinates": [103.88816883947213, 22.32005531469262]}, "properties": {"km": 64.5, "score": "dense", "cell_count": 39, "operators": ["Mobifone", "Vietnamobile", "Viettel", "Vinaphone"], "nearest_m": 746.695496395191}}, {"type": "Feature", "geometry": {"type": "Point", "coordinates": [103.88998579444957, 22.319393488159694]}, "properties": {"km": 64.75, "score": "dense", "cell_count": 36, "operators": ["Mobifone", "Vietnamobile", "Viettel", "Vinaphone"], "nearest_m": 925.3541059121042}}, {"type": "Feature", "geometry": {"type": "Point", "coordinates": [103.89211732703383, 22.31949450253306]}, "properties": {"km": 65.0, "score": "dense", "cell_count": 37, "operators": ["Mobifone", "Vietnamobile", "Viettel", "Vinaphone"], "nearest_m": 1119.3145185327285}}, {"type": "Feature", "geometry": {"type": "Point", "coordinates": [103.89415084083404, 22.319479547921407]}, "properties": {"km": 65.25, "score": "dense", "cell_count": 34, "operators": ["Mobifone", "Vietnamobile", "Viettel", "Vinaphone"], "nearest_m": 1298.8293808483916}}, {"type": "Feature", "geometry": {"type": "Point", "coordinates": [103.89438033865035, 22.318232124516594]}, "properties": {"km": 65.5, "score": "dense", "cell_count": 34, "operators": ["Mobifone", "Vietnamobile", "Viettel", "Vinaphone"], "nearest_m": 1261.7040088414406}}, {"type": "Feature", "geometry": {"type": "Point", "coordinates": [103.89233043500823, 22.31761081166941]}, "properties": {"km": 65.75, "score": "dense", "cell_count": 37, "operators": ["Mobifone", "Vietnamobile", "Viettel", "Vinaphone"], "nearest_m": 1040.3890454956788}}, {"type": "Feature", "geometry": {"type": "Point", "coordinates": [103.8911441323412, 22.316456542504522]}, "properties": {"km": 66.0, "score": "dense", "cell_count": 37, "operators": ["Mobifone", "Vietnamobile", "Viettel", "Vinaphone"], "nearest_m": 881.1726325681435}}, {"type": "Feature", "geometry": {"type": "Point", "coordinates": [103.89273723585708, 22.314903975016897]}, "properties": {"km": 66.25, "score": "dense", "cell_count": 37, "operators": ["Mobifone", "Vietnamobile", "Viettel", "Vinaphone"], "nearest_m": 998.562278099606}}, {"type": "Feature", "geometry": {"type": "Point", "coordinates": [103.89331459411565, 22.313391464551557]}, "properties": {"km": 66.5, "score": "dense", "cell_count": 34, "operators": ["Mobifone", "Vietnamobile", "Viettel", "Vinaphone"], "nearest_m": 824.9122212012913}}, {"type": "Feature", "geometry": {"type": "Point", "coordinates": [103.89269843058177, 22.312597887077384]}, "properties": {"km": 66.75, "score": "dense", "cell_count": 35, "operators": ["Mobifone", "Vietnamobile", "Viettel", "Vinaphone"], "nearest_m": 745.7696911012106}}, {"type": "Feature", "geometry": {"type": "Point", "coordinates": [103.89381929396467, 22.311867208271224]}, "properties": {"km": 67.0, "score": "dense", "cell_count": 34, "operators": ["Mobifone", "Vietnamobile", "Viettel", "Vinaphone"], "nearest_m": 652.6685857032647}}, {"type": "Feature", "geometry": {"type": "Point", "coordinates": [103.89512339543415, 22.311733450275735]}, "properties": {"km": 67.25, "score": "dense", "cell_count": 34, "operators": ["Mobifone", "Vietnamobile", "Viettel", "Vinaphone"], "nearest_m": 647.9203302032134}}, {"type": "Feature", "geometry": {"type": "Point", "coordinates": [103.89630195451784, 22.309844019936428]}, "properties": {"km": 67.5, "score": "dense", "cell_count": 34, "operators": ["Mobifone", "Vietnamobile", "Viettel", "Vinaphone"], "nearest_m": 488.65056975825644}}, {"type": "Feature", "geometry": {"type": "Point", "coordinates": [103.89738769223362, 22.30797037739166]}, "properties": {"km": 67.75, "score": "dense", "cell_count": 34, "operators": ["Mobifone", "Vietnamobile", "Viettel", "Vinaphone"], "nearest_m": 411.6526083371734}}, {"type": "Feature", "geometry": {"type": "Point", "coordinates": [103.89911186777591, 22.306824120203714]}, "properties": {"km": 68.0, "score": "dense", "cell_count": 34, "operators": ["Mobifone", "Vietnamobile", "Viettel", "Vinaphone"], "nearest_m": 533.8023757863159}}, {"type": "Feature", "geometry": {"type": "Point", "coordinates": [103.90121947954479, 22.30669832473266]}, "properties": {"km": 68.25, "score": "dense", "cell_count": 34, "operators": ["Mobifone", "Vietnamobile", "Viettel", "Vinaphone"], "nearest_m": 746.7445769784422}}, {"type": "Feature", "geometry": {"type": "Point", "coordinates": [103.90326780336534, 22.3069316705048]}, "properties": {"km": 68.5, "score": "dense", "cell_count": 33, "operators": ["Mobifone", "Vietnamobile", "Viettel", "Vinaphone"], "nearest_m": 861.1048798838272}}, {"type": "Feature", "geometry": {"type": "Point", "coordinates": [103.90559212587686, 22.306679712587687]}, "properties": {"km": 68.75, "score": "dense", "cell_count": 27, "operators": ["Mobifone", "Vietnamobile", "Viettel", "Vinaphone"], "nearest_m": 756.7400180026708}}, {"type": "Feature", "geometry": {"type": "Point", "coordinates": [103.9074705322811, 22.306461851554545]}, "properties": {"km": 69.0, "score": "dense", "cell_count": 21, "operators": ["Mobifone", "Vietnamobile", "Viettel", "Vinaphone"], "nearest_m": 720.1538249464979}}, {"type": "Feature", "geometry": {"type": "Point", "coordinates": [103.90831851860808, 22.30452374069596]}, "properties": {"km": 69.25, "score": "dense", "cell_count": 19, "operators": ["Mobifone", "Vietnamobile", "Viettel", "Vinaphone"], "nearest_m": 520.9853492020594}}, {"type": "Feature", "geometry": {"type": "Point", "coordinates": [103.90992607960119, 22.303397139304195]}, "properties": {"km": 69.5, "score": "dense", "cell_count": 17, "operators": ["Mobifone", "Viettel", "Vinaphone"], "nearest_m": 483.0202014302566}}, {"type": "Feature", "geometry": {"type": "Point", "coordinates": [103.91094109171213, 22.301505366848538]}, "properties": {"km": 69.75, "score": "dense", "cell_count": 15, "operators": ["Mobifone", "Viettel", "Vinaphone"], "nearest_m": 438.64608519184543}}, {"type": "Feature", "geometry": {"type": "Point", "coordinates": [103.91270135635936, 22.300290216009387]}, "properties": {"km": 70.0, "score": "dense", "cell_count": 15, "operators": ["Mobifone", "Viettel", "Vinaphone"], "nearest_m": 587.4341606421121}}, {"type": "Feature", "geometry": {"type": "Point", "coordinates": [103.91418169532844, 22.29959438280293]}, "properties": {"km": 70.25, "score": "dense", "cell_count": 14, "operators": ["Mobifone", "Viettel", "Vinaphone"], "nearest_m": 740.2193841282294}}, {"type": "Feature", "geometry": {"type": "Point", "coordinates": [103.91656251006567, 22.29986279597373]}, "properties": {"km": 70.5, "score": "dense", "cell_count": 13, "operators": ["Mobifone", "Viettel", "Vinaphone"], "nearest_m": 983.8966775408331}}, {"type": "Feature", "geometry": {"type": "Point", "coordinates": [103.91831423423825, 22.298559453027316]}, "properties": {"km": 70.75, "score": "dense", "cell_count": 11, "operators": ["Mobifone", "Viettel", "Vinaphone"], "nearest_m": 1174.9687296370712}}, {"type": "Feature", "geometry": {"type": "Point", "coordinates": [103.91996007122088, 22.299340122923695]}, "properties": {"km": 71.0, "score": "dense", "cell_count": 9, "operators": ["Mobifone", "Viettel", "Vinaphone"], "nearest_m": 1335.3349342476151}}, {"type": "Feature", "geometry": {"type": "Point", "coordinates": [103.92112620756555, 22.297523212544306]}, "properties": {"km": 71.25, "score": "moderate", "cell_count": 8, "operators": ["Mobifone", "Viettel", "Vinaphone"], "nearest_m": 1479.162881596013}}, {"type": "Feature", "geometry": {"type": "Point", "coordinates": [103.9227383019035, 22.296289118354863]}, "properties": {"km": 71.5, "score": "moderate", "cell_count": 6, "operators": ["Viettel", "Vinaphone"], "nearest_m": 1670.9075176304289}}, {"type": "Feature", "geometry": {"type": "Point", "coordinates": [103.92481962363344, 22.295955262978655]}, "properties": {"km": 71.75, "score": "moderate", "cell_count": 6, "operators": ["Viettel", "Vinaphone"], "nearest_m": 1887.6473618734096}}, {"type": "Feature", "geometry": {"type": "Point", "coordinates": [103.92691824669268, 22.295797586325673]}, "properties": {"km": 72.0, "score": "moderate", "cell_count": 5, "operators": ["Viettel", "Vinaphone"], "nearest_m": 2101.79634454156}}, {"type": "Feature", "geometry": {"type": "Point", "coordinates": [103.92753125897514, 22.29375569321157]}, "properties": {"km": 72.25, "score": "moderate", "cell_count": 5, "operators": ["Mobifone", "Viettel", "Vinaphone"], "nearest_m": 2223.467290584515}}, {"type": "Feature", "geometry": {"type": "Point", "coordinates": [103.92944196549688, 22.293039000590266]}, "properties": {"km": 72.5, "score": "moderate", "cell_count": 4, "operators": ["Mobifone", "Viettel", "Vinaphone"], "nearest_m": 2264.2188165048487}}, {"type": "Feature", "geometry": {"type": "Point", "coordinates": [103.93071221193847, 22.291894203925512]}, "properties": {"km": 72.75, "score": "moderate", "cell_count": 4, "operators": ["Mobifone", "Viettel", "Vinaphone"], "nearest_m": 2083.5782969278193}}, {"type": "Feature", "geometry": {"type": "Point", "coordinates": [103.93244948245469, 22.29095608274849]}, "properties": {"km": 73.0, "score": "moderate", "cell_count": 4, "operators": ["Mobifone", "Viettel", "Vinaphone"], "nearest_m": 1893.8419862092987}}, {"type": "Feature", "geometry": {"type": "Point", "coordinates": [103.93404605674645, 22.289525773014212]}, "properties": {"km": 73.25, "score": "sparse", "cell_count": 2, "operators": ["Mobifone", "Vinaphone"], "nearest_m": 1669.9266012458213}}, {"type": "Feature", "geometry": {"type": "Point", "coordinates": [103.93606078308551, 22.28877216978709]}, "properties": {"km": 73.5, "score": "sparse", "cell_count": 2, "operators": ["Mobifone", "Vinaphone"], "nearest_m": 1491.0631950721104}}, {"type": "Feature", "geometry": {"type": "Point", "coordinates": [103.9378150407127, 22.28771527452608]}, "properties": {"km": 73.75, "score": "sparse", "cell_count": 2, "operators": ["Mobifone", "Vinaphone"], "nearest_m": 1305.4672900555242}}, {"type": "Feature", "geometry": {"type": "Point", "coordinates": [103.93960338136435, 22.28686629711264]}, "properties": {"km": 74.0, "score": "sparse", "cell_count": 2, "operators": ["Mobifone", "Vinaphone"], "nearest_m": 1151.4029820917226}}, {"type": "Feature", "geometry": {"type": "Point", "coordinates": [103.94155848379964, 22.286892]}, "properties": {"km": 74.25, "score": "moderate", "cell_count": 3, "operators": ["Mobifone", "Viettel", "Vinaphone"], "nearest_m": 1109.8952229015565}}, {"type": "Feature", "geometry": {"type": "Point", "coordinates": [103.94338825263345, 22.286213329822065]}, "properties": {"km": 74.5, "score": "moderate", "cell_count": 3, "operators": ["Mobifone", "Viettel", "Vinaphone"], "nearest_m": 1025.254102278612}}, {"type": "Feature", "geometry": {"type": "Point", "coordinates": [103.94515555125358, 22.285266448746427]}, "properties": {"km": 74.75, "score": "moderate", "cell_count": 3, "operators": ["Mobifone", "Viettel", "Vinaphone"], "nearest_m": 945.5664347332082}}, {"type": "Feature", "geometry": {"type": "Point", "coordinates": [103.94521146066651, 22.286122190153993]}, "properties": {"km": 75.0, "score": "moderate", "cell_count": 3, "operators": ["Mobifone", "Viettel", "Vinaphone"], "nearest_m": 1039.5497043799598}}, {"type": "Feature", "geometry": {"type": "Point", "coordinates": [103.943953337691, 22.287861330560276]}, "properties": {"km": 75.25, "score": "moderate", "cell_count": 3, "operators": ["Mobifone", "Viettel", "Vinaphone"], "nearest_m": 1211.701717500515}}, {"type": "Feature", "geometry": {"type": "Point", "coordinates": [103.94316238291619, 22.288978176309662]}, "properties": {"km": 75.5, "score": "moderate", "cell_count": 3, "operators": ["Mobifone", "Viettel", "Vinaphone"], "nearest_m": 1332.0172246681698}}, {"type": "Feature", "geometry": {"type": "Point", "coordinates": [103.94493884893558, 22.289289226596626]}, "properties": {"km": 75.75, "score": "moderate", "cell_count": 3, "operators": ["Mobifone", "Viettel", "Vinaphone"], "nearest_m": 1380.9842947550892}}, {"type": "Feature", "geometry": {"type": "Point", "coordinates": [103.94564185137538, 22.291008364875164]}, "properties": {"km": 76.0, "score": "moderate", "cell_count": 3, "operators": ["Mobifone", "Viettel", "Vinaphone"], "nearest_m": 1581.198477113807}}, {"type": "Feature", "geometry": {"type": "Point", "coordinates": [103.94720029195308, 22.292443160533708]}, "properties": {"km": 76.25, "score": "moderate", "cell_count": 3, "operators": ["Mobifone", "Viettel", "Vinaphone"], "nearest_m": 1770.7479728679562}}, {"type": "Feature", "geometry": {"type": "Point", "coordinates": [103.94828077950639, 22.29394408908936]}, "properties": {"km": 76.5, "score": "moderate", "cell_count": 3, "operators": ["Mobifone", "Viettel", "Vinaphone"], "nearest_m": 1960.8759145323957}}, {"type": "Feature", "geometry": {"type": "Point", "coordinates": [103.94709250896088, 22.294511818001208]}, "properties": {"km": 76.75, "score": "moderate", "cell_count": 3, "operators": ["Mobifone", "Viettel", "Vinaphone"], "nearest_m": 1992.2324841353668}}, {"type": "Feature", "geometry": {"type": "Point", "coordinates": [103.94908783612458, 22.29488891447355]}, "properties": {"km": 77.0, "score": "moderate", "cell_count": 3, "operators": ["Mobifone", "Viettel", "Vinaphone"], "nearest_m": 2085.445900952224}}, {"type": "Feature", "geometry": {"type": "Point", "coordinates": [103.94923144081788, 22.295992225323843]}, "properties": {"km": 77.25, "score": "moderate", "cell_count": 3, "operators": ["Mobifone", "Viettel", "Vinaphone"], "nearest_m": 2207.0183611285865}}, {"type": "Feature", "geometry": {"type": "Point", "coordinates": [103.94775051471892, 22.297123756533534]}, "properties": {"km": 77.5, "score": "sparse", "cell_count": 2, "operators": ["Mobifone", "Vinaphone"], "nearest_m": 2290.418821663859}}, {"type": "Feature", "geometry": {"type": "Point", "coordinates": [103.94632709221112, 22.298257944673328]}, "properties": {"km": 77.75, "score": "sparse", "cell_count": 2, "operators": ["Mobifone", "Vinaphone"], "nearest_m": 2388.433795070265}}, {"type": "Feature", "geometry": {"type": "Point", "coordinates": [103.94514443224783, 22.299670457261048]}, "properties": {"km": 78.0, "score": "sparse", "cell_count": 2, "operators": ["Mobifone", "Vinaphone"], "nearest_m": 2530.476854684844}}, {"type": "Feature", "geometry": {"type": "Point", "coordinates": [103.94521393682632, 22.30120503158684]}, "properties": {"km": 78.25, "score": "sparse", "cell_count": 1, "operators": ["Vinaphone"], "nearest_m": 2701.098422274045}}, {"type": "Feature", "geometry": {"type": "Point", "coordinates": [103.9455731335864, 22.303225007592083]}, "properties": {"km": 78.5, "score": "sparse", "cell_count": 1, "operators": ["Vinaphone"], "nearest_m": 2928.080405880223}}, {"type": "Feature", "geometry": {"type": "Point", "coordinates": [103.94761496010535, 22.302692562729558]}, "properties": {"km": 78.75, "score": "sparse", "cell_count": 1, "operators": ["Vinaphone"], "nearest_m": 2896.071110030512}}, {"type": "Feature", "geometry": {"type": "Point", "coordinates": [103.94967747746034, 22.30174839415871]}, "properties": {"km": 79.0, "score": "sparse", "cell_count": 1, "operators": ["Vinaphone"], "nearest_m": 2836.358589130959}}, {"type": "Feature", "geometry": {"type": "Point", "coordinates": [103.95187534556062, 22.30157711941485]}, "properties": {"km": 79.25, "score": "sparse", "cell_count": 1, "operators": ["Vinaphone"], "nearest_m": 2881.375291399676}}, {"type": "Feature", "geometry": {"type": "Point", "coordinates": [103.9540834498471, 22.30111213009174]}, "properties": {"km": 79.5, "score": "sparse", "cell_count": 1, "operators": ["Vinaphone"], "nearest_m": 2913.5752399839857}}, {"type": "Feature", "geometry": {"type": "Point", "coordinates": [103.95630732507672, 22.30069412396317]}, "properties": {"km": 79.75, "score": "sparse", "cell_count": 1, "operators": ["Vinaphone"], "nearest_m": 2969.1808230210863}}, {"type": "Feature", "geometry": {"type": "Point", "coordinates": [103.95804298973664, 22.299626223490556]}, "properties": {"km": 80.0, "score": "sparse", "cell_count": 2, "operators": ["Viettel", "Vinaphone"], "nearest_m": 2889.227644663246}}, {"type": "Feature", "geometry": {"type": "Point", "coordinates": [103.95925026670851, 22.298062311473767]}, "properties": {"km": 80.25, "score": "sparse", "cell_count": 2, "operators": ["Viettel", "Vinaphone"], "nearest_m": 2685.5148590767267}}, {"type": "Feature", "geometry": {"type": "Point", "coordinates": [103.96007861588873, 22.296264794703756]}, "properties": {"km": 80.5, "score": "moderate", "cell_count": 3, "operators": ["Mobifone", "Viettel", "Vinaphone"], "nearest_m": 2469.448082521037}}, {"type": "Feature", "geometry": {"type": "Point", "coordinates": [103.96164684066243, 22.294967667972085]}, "properties": {"km": 80.75, "score": "moderate", "cell_count": 3, "operators": ["Mobifone", "Viettel", "Vinaphone"], "nearest_m": 2287.599404360846}}, {"type": "Feature", "geometry": {"type": "Point", "coordinates": [103.96380924372033, 22.294138656257065]}, "properties": {"km": 81.0, "score": "moderate", "cell_count": 3, "operators": ["Mobifone", "Viettel", "Vinaphone"], "nearest_m": 2153.2951170659617}}, {"type": "Feature", "geometry": {"type": "Point", "coordinates": [103.96435828670859, 22.292518184620562]}, "properties": {"km": 81.25, "score": "moderate", "cell_count": 3, "operators": ["Mobifone", "Viettel", "Vinaphone"], "nearest_m": 1966.805337097251}}, {"type": "Feature", "geometry": {"type": "Point", "coordinates": [103.965902, 22.290881652899174]}, "properties": {"km": 81.5, "score": "moderate", "cell_count": 3, "operators": ["Mobifone", "Viettel", "Vinaphone"], "nearest_m": 1769.5692247488503}}, {"type": "Feature", "geometry": {"type": "Point", "coordinates": [103.96678485569025, 22.289276288619508]}, "properties": {"km": 81.75, "score": "moderate", "cell_count": 3, "operators": ["Mobifone", "Viettel", "Vinaphone"], "nearest_m": 1587.605202658993}}, {"type": "Feature", "geometry": {"type": "Point", "coordinates": [103.96858915938415, 22.288235854192642]}, "properties": {"km": 82.0, "score": "moderate", "cell_count": 3, "operators": ["Mobifone", "Viettel", "Vinaphone"], "nearest_m": 1480.8150464068942}}, {"type": "Feature", "geometry": {"type": "Point", "coordinates": [103.97053150048941, 22.28719039378377]}, "properties": {"km": 82.25, "score": "moderate", "cell_count": 3, "operators": ["Mobifone", "Viettel", "Vinaphone"], "nearest_m": 1403.367868644595}}, {"type": "Feature", "geometry": {"type": "Point", "coordinates": [103.96952803404625, 22.285541457878615]}, "properties": {"km": 82.5, "score": "moderate", "cell_count": 3, "operators": ["Mobifone", "Viettel", "Vinaphone"], "nearest_m": 1200.6715754733682}}, {"type": "Feature", "geometry": {"type": "Point", "coordinates": [103.96794093202672, 22.28461197407573]}, "properties": {"km": 82.75, "score": "moderate", "cell_count": 3, "operators": ["Mobifone", "Viettel", "Vinaphone"], "nearest_m": 1073.178745023384}}, {"type": "Feature", "geometry": {"type": "Point", "coordinates": [103.966672, 22.28340466613131]}, "properties": {"km": 83.0, "score": "moderate", "cell_count": 3, "operators": ["Mobifone", "Viettel", "Vinaphone"], "nearest_m": 935.1654204670314}}, {"type": "Feature", "geometry": {"type": "Point", "coordinates": [103.96583755394887, 22.282188655172497]}, "properties": {"km": 83.25, "score": "moderate", "cell_count": 3, "operators": ["Mobifone", "Viettel", "Vinaphone"], "nearest_m": 808.2412768878461}}, {"type": "Feature", "geometry": {"type": "Point", "coordinates": [103.96613582853789, 22.28056082321638]}, "properties": {"km": 83.5, "score": "moderate", "cell_count": 3, "operators": ["Mobifone", "Viettel", "Vinaphone"], "nearest_m": 624.6960475898062}}, {"type": "Feature", "geometry": {"type": "Point", "coordinates": [103.96404826127298, 22.28077233514568]}, "properties": {"km": 83.75, "score": "moderate", "cell_count": 3, "operators": ["Mobifone", "Viettel", "Vinaphone"], "nearest_m": 710.0860532071532}}, {"type": "Feature", "geometry": {"type": "Point", "coordinates": [103.96339754397431, 22.2803574273593]}, "properties": {"km": 84.0, "score": "moderate", "cell_count": 3, "operators": ["Mobifone", "Viettel", "Vinaphone"], "nearest_m": 701.6271901023533}}, {"type": "Feature", "geometry": {"type": "Point", "coordinates": [103.96444476544221, 22.279124469115576]}, "properties": {"km": 84.25, "score": "moderate", "cell_count": 3, "operators": ["Mobifone", "Viettel", "Vinaphone"], "nearest_m": 528.6401478463688}}, {"type": "Feature", "geometry": {"type": "Point", "coordinates": [103.96401709175728, 22.277531]}, "properties": {"km": 84.5, "score": "moderate", "cell_count": 3, "operators": ["Mobifone", "Viettel", "Vinaphone"], "nearest_m": 416.4265681494366}}, {"type": "Feature", "geometry": {"type": "Point", "coordinates": [103.9622487508329, 22.27759453583327]}, "properties": {"km": 84.75, "score": "moderate", "cell_count": 3, "operators": ["Mobifone", "Viettel", "Vinaphone"], "nearest_m": 567.6620721142148}}, {"type": "Feature", "geometry": {"type": "Point", "coordinates": [103.95989624283212, 22.277880789380497]}, "properties": {"km": 85.0, "score": "moderate", "cell_count": 3, "operators": ["Mobifone", "Viettel", "Vinaphone"], "nearest_m": 798.0574576519551}}, {"type": "Feature", "geometry": {"type": "Point", "coordinates": [103.95751445019997, 22.277886]}, "properties": {"km": 85.25, "score": "moderate", "cell_count": 3, "operators": ["Mobifone", "Viettel", "Vinaphone"], "nearest_m": 1027.4272376221131}}, {"type": "Feature", "geometry": {"type": "Point", "coordinates": [103.95526003461752, 22.278460180543238]}, "properties": {"km": 85.5, "score": "moderate", "cell_count": 3, "operators": ["Mobifone", "Viettel", "Vinaphone"], "nearest_m": 1074.167101931434}}, {"type": "Feature", "geometry": {"type": "Point", "coordinates": [103.95289197172484, 22.27824949293121]}, "properties": {"km": 85.75, "score": "moderate", "cell_count": 3, "operators": ["Mobifone", "Viettel", "Vinaphone"], "nearest_m": 852.1629753230768}}, {"type": "Feature", "geometry": {"type": "Point", "coordinates": [103.95077980217974, 22.277656745918172]}, "properties": {"km": 86.0, "score": "moderate", "cell_count": 3, "operators": ["Mobifone", "Viettel", "Vinaphone"], "nearest_m": 638.1413243707428}}, {"type": "Feature", "geometry": {"type": "Point", "coordinates": [103.94865247996826, 22.277333140023813]}, "properties": {"km": 86.25, "score": "moderate", "cell_count": 3, "operators": ["Mobifone", "Viettel", "Vinaphone"], "nearest_m": 460.27887196529343}}, {"type": "Feature", "geometry": {"type": "Point", "coordinates": [103.94662554264474, 22.27814797811378]}, "properties": {"km": 86.5, "score": "moderate", "cell_count": 3, "operators": ["Mobifone", "Viettel", "Vinaphone"], "nearest_m": 394.2856527146442}}, {"type": "Feature", "geometry": {"type": "Point", "coordinates": [103.9445510372475, 22.277192152793564]}, "properties": {"km": 86.75, "score": "moderate", "cell_count": 3, "operators": ["Mobifone", "Viettel", "Vinaphone"], "nearest_m": 161.01863776547043}}, {"type": "Feature", "geometry": {"type": "Point", "coordinates": [103.94258638104209, 22.278452683124506]}, "properties": {"km": 87.0, "score": "moderate", "cell_count": 3, "operators": ["Mobifone", "Viettel", "Vinaphone"], "nearest_m": 167.0435828181403}}, {"type": "Feature", "geometry": {"type": "Point", "coordinates": [103.94186511917871, 22.280579518110635]}, "properties": {"km": 87.25, "score": "moderate", "cell_count": 3, "operators": ["Mobifone", "Viettel", "Vinaphone"], "nearest_m": 414.8001563898584}}, {"type": "Feature", "geometry": {"type": "Point", "coordinates": [103.94047670745596, 22.28233521493242]}, "properties": {"km": 87.5, "score": "moderate", "cell_count": 3, "operators": ["Mobifone", "Viettel", "Vinaphone"], "nearest_m": 647.5741235931866}}, {"type": "Feature", "geometry": {"type": "Point", "coordinates": [103.93874869281765, 22.282679072230334]}, "properties": {"km": 87.75, "score": "sparse", "cell_count": 2, "operators": ["Mobifone", "Vinaphone"], "nearest_m": 768.1917664470778}}, {"type": "Feature", "geometry": {"type": "Point", "coordinates": [103.93814601377603, 22.280741001836805]}, "properties": {"km": 88.0, "score": "sparse", "cell_count": 2, "operators": ["Mobifone", "Vinaphone"], "nearest_m": 649.989962472736}}, {"type": "Feature", "geometry": {"type": "Point", "coordinates": [103.936865, 22.279512862515325]}, "properties": {"km": 88.25, "score": "sparse", "cell_count": 2, "operators": ["Mobifone", "Vinaphone"], "nearest_m": 690.3343761278272}}, {"type": "Feature", "geometry": {"type": "Point", "coordinates": [103.93682757344357, 22.277321625729655]}, "properties": {"km": 88.5, "score": "sparse", "cell_count": 2, "operators": ["Mobifone", "Vinaphone"], "nearest_m": 636.1206428854307}}, {"type": "Feature", "geometry": {"type": "Point", "coordinates": [103.93562264666893, 22.277615482664856]}, "properties": {"km": 88.75, "score": "sparse", "cell_count": 2, "operators": ["Mobifone", "Vinaphone"], "nearest_m": 762.1741023595823}}, {"type": "Feature", "geometry": {"type": "Point", "coordinates": [103.93376313470054, 22.27827884921964]}, "properties": {"km": 89.0, "score": "sparse", "cell_count": 2, "operators": ["Mobifone", "Vinaphone"], "nearest_m": 961.0071539187365}}, {"type": "Feature", "geometry": {"type": "Point", "coordinates": [103.93234116567112, 22.27980087225292]}, "properties": {"km": 89.25, "score": "sparse", "cell_count": 2, "operators": ["Mobifone", "Vinaphone"], "nearest_m": 1140.0990352387025}}, {"type": "Feature", "geometry": {"type": "Point", "coordinates": [103.93066340285186, 22.28102948342224]}, "properties": {"km": 89.5, "score": "sparse", "cell_count": 2, "operators": ["Mobifone", "Vinaphone"], "nearest_m": 1346.1195450066468}}, {"type": "Feature", "geometry": {"type": "Point", "coordinates": [103.9286779443566, 22.2811719145164]}, "properties": {"km": 89.75, "score": "moderate", "cell_count": 3, "operators": ["Mobifone", "Vinaphone"], "nearest_m": 1544.9450020839517}}, {"type": "Feature", "geometry": {"type": "Point", "coordinates": [103.92783694870329, 22.280805061556052]}, "properties": {"km": 90.0, "score": "moderate", "cell_count": 3, "operators": ["Mobifone", "Vinaphone"], "nearest_m": 1616.5418258731188}}, {"type": "Feature", "geometry": {"type": "Point", "coordinates": [103.92558909242817, 22.28033569747606]}, "properties": {"km": 90.25, "score": "moderate", "cell_count": 4, "operators": ["Mobifone", "Viettel", "Vinaphone"], "nearest_m": 1829.4780276650472}}, {"type": "Feature", "geometry": {"type": "Point", "coordinates": [103.92434418055267, 22.280705117063903]}, "properties": {"km": 90.5, "score": "moderate", "cell_count": 5, "operators": ["Mobifone", "Viettel", "Vinaphone"], "nearest_m": 1963.2895842082755}}, {"type": "Feature", "geometry": {"type": "Point", "coordinates": [103.922447436249, 22.281892289918588]}, "properties": {"km": 90.75, "score": "moderate", "cell_count": 6, "operators": ["Mobifone", "Viettel", "Vinaphone"], "nearest_m": 2183.579320528928}}, {"type": "Feature", "geometry": {"type": "Point", "coordinates": [103.92069250298906, 22.282629303251174]}, "properties": {"km": 91.0, "score": "moderate", "cell_count": 7, "operators": ["Mobifone", "Viettel", "Vinaphone"], "nearest_m": 2132.6590107037305}}, {"type": "Feature", "geometry": {"type": "Point", "coordinates": [103.91874072421712, 22.283702129201465]}, "properties": {"km": 91.25, "score": "moderate", "cell_count": 6, "operators": ["Viettel", "Vinaphone"], "nearest_m": 1900.3534883053271}}, {"type": "Feature", "geometry": {"type": "Point", "coordinates": [103.91732125883605, 22.28496440766501]}, "properties": {"km": 91.5, "score": "moderate", "cell_count": 6, "operators": ["Viettel", "Vinaphone"], "nearest_m": 1699.3895215610412}}, {"type": "Feature", "geometry": {"type": "Point", "coordinates": [103.91575172594112, 22.28623083984989]}, "properties": {"km": 91.75, "score": "moderate", "cell_count": 7, "operators": ["Viettel", "Vinaphone"], "nearest_m": 1486.0010923005975}}, {"type": "Feature", "geometry": {"type": "Point", "coordinates": [103.91401029486289, 22.286787411425955]}, "properties": {"km": 92.0, "score": "dense", "cell_count": 9, "operators": ["Mobifone", "Viettel", "Vinaphone"], "nearest_m": 1305.3492177882863}}, {"type": "Feature", "geometry": {"type": "Point", "coordinates": [103.91193446759573, 22.287598550238776]}, "properties": {"km": 92.25, "score": "dense", "cell_count": 11, "operators": ["Mobifone", "Viettel", "Vinaphone"], "nearest_m": 1083.090074442931}}, {"type": "Feature", "geometry": {"type": "Point", "coordinates": [103.91027681082831, 22.28908386721124]}, "properties": {"km": 92.5, "score": "dense", "cell_count": 12, "operators": ["Mobifone", "Viettel", "Vinaphone"], "nearest_m": 846.0900000991235}}, {"type": "Feature", "geometry": {"type": "Point", "coordinates": [103.90917709885883, 22.2904163842759]}, "properties": {"km": 92.75, "score": "dense", "cell_count": 14, "operators": ["Mobifone", "Viettel", "Vinaphone"], "nearest_m": 665.2024334902119}}, {"type": "Feature", "geometry": {"type": "Point", "coordinates": [103.90731288394039, 22.2903706308163]}, "properties": {"km": 93.0, "score": "dense", "cell_count": 14, "operators": ["Mobifone", "Viettel", "Vinaphone"], "nearest_m": 528.2436175841368}}, {"type": "Feature", "geometry": {"type": "Point", "coordinates": [103.90649812078874, 22.29207958216905]}, "properties": {"km": 93.25, "score": "dense", "cell_count": 16, "operators": ["Mobifone", "Viettel", "Vinaphone"], "nearest_m": 334.1509886240957}}, {"type": "Feature", "geometry": {"type": "Point", "coordinates": [103.90506354648527, 22.29070930234315]}, "properties": {"km": 93.5, "score": "dense", "cell_count": 15, "operators": ["Mobifone", "Viettel", "Vinaphone"], "nearest_m": 381.9195297648045}}, {"type": "Feature", "geometry": {"type": "Point", "coordinates": [103.90506701172224, 22.29265703516674]}, "properties": {"km": 93.75, "score": "dense", "cell_count": 17, "operators": ["Mobifone", "Viettel", "Vinaphone"], "nearest_m": 185.33997722360292}}, {"type": "Feature", "geometry": {"type": "Point", "coordinates": [103.90365574822113, 22.29356648515326]}, "properties": {"km": 94.0, "score": "dense", "cell_count": 19, "operators": ["Mobifone", "Viettel", "Vinaphone"], "nearest_m": 59.81725299386312}}, {"type": "Feature", "geometry": {"type": "Point", "coordinates": [103.90173174147306, 22.294276948294613]}, "properties": {"km": 94.25, "score": "dense", "cell_count": 21, "operators": ["Mobifone", "Vietnamobile", "Viettel", "Vinaphone"], "nearest_m": 195.4667233141958}}, {"type": "Feature", "geometry": {"type": "Point", "coordinates": [103.89996696824021, 22.294598613974305]}, "properties": {"km": 94.5, "score": "dense", "cell_count": 22, "operators": ["Mobifone", "Vietnamobile", "Viettel", "Vinaphone"], "nearest_m": 44.76128320845281}}, {"type": "Feature", "geometry": {"type": "Point", "coordinates": [103.89843917578588, 22.295762561949232]}, "properties": {"km": 94.75, "score": "dense", "cell_count": 27, "operators": ["Mobifone", "Vietnamobile", "Viettel", "Vinaphone"], "nearest_m": 52.33140783167247}}, {"type": "Feature", "geometry": {"type": "Point", "coordinates": [103.89763223857952, 22.296945]}, "properties": {"km": 95.0, "score": "dense", "cell_count": 33, "operators": ["Mobifone", "Vietnamobile", "Viettel", "Vinaphone"], "nearest_m": 65.33212160859827}}, {"type": "Feature", "geometry": {"type": "Point", "coordinates": [103.89600434126235, 22.29808123325222]}, "properties": {"km": 95.25, "score": "dense", "cell_count": 34, "operators": ["Mobifone", "Vietnamobile", "Viettel", "Vinaphone"], "nearest_m": 157.94737454987825}}, {"type": "Feature", "geometry": {"type": "Point", "coordinates": [103.89437435639468, 22.298963630017575]}, "properties": {"km": 95.5, "score": "dense", "cell_count": 34, "operators": ["Mobifone", "Vietnamobile", "Viettel", "Vinaphone"], "nearest_m": 182.40576692605526}}, {"type": "Feature", "geometry": {"type": "Point", "coordinates": [103.89378917337407, 22.300212955623454]}, "properties": {"km": 95.75, "score": "dense", "cell_count": 36, "operators": ["Mobifone", "Vietnamobile", "Viettel", "Vinaphone"], "nearest_m": 84.57173446111065}}, {"type": "Feature", "geometry": {"type": "Point", "coordinates": [103.89421178531265, 22.301768079655837]}, "properties": {"km": 96.0, "score": "dense", "cell_count": 35, "operators": ["Mobifone", "Vietnamobile", "Viettel", "Vinaphone"], "nearest_m": 228.99905786629378}}, {"type": "Feature", "geometry": {"type": "Point", "coordinates": [103.89258400380463, 22.302639920296624]}, "properties": {"km": 96.25, "score": "dense", "cell_count": 35, "operators": ["Mobifone", "Vietnamobile", "Viettel", "Vinaphone"], "nearest_m": 93.12802276854588}}, {"type": "Feature", "geometry": {"type": "Point", "coordinates": [103.89068282917322, 22.304025065702607]}, "properties": {"km": 96.5, "score": "dense", "cell_count": 35, "operators": ["Mobifone", "Vietnamobile", "Viettel", "Vinaphone"], "nearest_m": 70.30178166117689}}, {"type": "Feature", "geometry": {"type": "Point", "coordinates": [103.8888381387674, 22.305119328429424]}, "properties": {"km": 96.75, "score": "dense", "cell_count": 38, "operators": ["Mobifone", "Vietnamobile", "Viettel", "Vinaphone"], "nearest_m": 154.5185776134245}}, {"type": "Feature", "geometry": {"type": "Point", "coordinates": [103.88673177799735, 22.30456994147424]}, "properties": {"km": 97.0, "score": "dense", "cell_count": 40, "operators": ["Mobifone", "Vietnamobile", "Viettel", "Vinaphone"], "nearest_m": 184.46312093044807}}, {"type": "Feature", "geometry": {"type": "Point", "coordinates": [103.88510497897707, 22.305691123125218]}, "properties": {"km": 97.25, "score": "dense", "cell_count": 41, "operators": ["Mobifone", "Vietnamobile", "Viettel", "Vinaphone"], "nearest_m": 77.60451719357224}}, {"type": "Feature", "geometry": {"type": "Point", "coordinates": [103.88393860603436, 22.307579465263796]}, "properties": {"km": 97.5, "score": "dense", "cell_count": 43, "operators": ["Mobifone", "Vietnamobile", "Viettel", "Vinaphone"], "nearest_m": 265.74099154987863}}, {"type": "Feature", "geometry": {"type": "Point", "coordinates": [103.88203390220323, 22.30741185934194]}, "properties": {"km": 97.75, "score": "dense", "cell_count": 44, "operators": ["Mobifone", "Vietnamobile", "Viettel", "Vinaphone"], "nearest_m": 157.03033104207853}}, {"type": "Feature", "geometry": {"type": "Point", "coordinates": [103.88003725919859, 22.3066795669539]}, "properties": {"km": 98.0, "score": "dense", "cell_count": 44, "operators": ["Mobifone", "Vietnamobile", "Viettel", "Vinaphone"], "nearest_m": 112.49812481568051}}, {"type": "Feature", "geometry": {"type": "Point", "coordinates": [103.87836057650382, 22.307817146483128]}, "properties": {"km": 98.25, "score": "dense", "cell_count": 45, "operators": ["Mobifone", "Vietnamobile", "Viettel", "Vinaphone"], "nearest_m": 112.17373708814686}}, {"type": "Feature", "geometry": {"type": "Point", "coordinates": [103.87680845281272, 22.30873171687636]}, "properties": {"km": 98.5, "score": "dense", "cell_count": 46, "operators": ["Mobifone", "Vietnamobile", "Viettel", "Vinaphone"], "nearest_m": 280.42934658807036}}, {"type": "Feature", "geometry": {"type": "Point", "coordinates": [103.87524370078775, 22.309865]}, "properties": {"km": 98.75, "score": "dense", "cell_count": 50, "operators": ["Mobifone", "Vietnamobile", "Viettel", "Vinaphone"], "nearest_m": 310.3622135033645}}, {"type": "Feature", "geometry": {"type": "Point", "coordinates": [103.87330013448558, 22.309367900216046]}, "properties": {"km": 99.0, "score": "dense", "cell_count": 52, "operators": ["Mobifone", "Vietnamobile", "Viettel", "Vinaphone"], "nearest_m": 440.10214450767205}}, {"type": "Feature", "geometry": {"type": "Point", "coordinates": [103.87234688318797, 22.308207406932333]}, "properties": {"km": 99.25, "score": "dense", "cell_count": 52, "operators": ["Mobifone", "Vietnamobile", "Viettel", "Vinaphone"], "nearest_m": 598.7362434028472}}, {"type": "Feature", "geometry": {"type": "Point", "coordinates": [103.87224436322438, 22.3068193292193]}, "properties": {"km": 99.5, "score": "dense", "cell_count": 50, "operators": ["Mobifone", "Vietnamobile", "Viettel", "Vinaphone"], "nearest_m": 695.2665593523934}}, {"type": "Feature", "geometry": {"type": "Point", "coordinates": [103.87111941499896, 22.307978850010414]}, "properties": {"km": 99.75, "score": "dense", "cell_count": 52, "operators": ["Mobifone", "Vietnamobile", "Viettel", "Vinaphone"], "nearest_m": 686.3588230062235}}, {"type": "Feature", "geometry": {"type": "Point", "coordinates": [103.8696213339722, 22.307039275473425]}, "properties": {"km": 100.0, "score": "dense", "cell_count": 52, "operators": ["Mobifone", "Vietnamobile", "Viettel", "Vinaphone"], "nearest_m": 863.3996566958375}}, {"type": "Feature", "geometry": {"type": "Point", "coordinates": [103.86779305380374, 22.306069820206453]}, "properties": {"km": 100.25, "score": "dense", "cell_count": 53, "operators": ["Mobifone", "Vietnamobile", "Viettel", "Vinaphone"], "nearest_m": 836.9957669363035}}, {"type": "Feature", "geometry": {"type": "Point", "coordinates": [103.86623307860414, 22.30452407860415]}, "properties": {"km": 100.5, "score": "dense", "cell_count": 52, "operators": ["Mobifone", "Vietnamobile", "Viettel", "Vinaphone"], "nearest_m": 627.2119811753424}}, {"type": "Feature", "geometry": {"type": "Point", "coordinates": [103.86510400766541, 22.303188007665412]}, "properties": {"km": 100.75, "score": "dense", "cell_count": 50, "operators": ["Mobifone", "Vietnamobile", "Viettel", "Vinaphone"], "nearest_m": 465.8081171932745}}, {"type": "Feature", "geometry": {"type": "Point", "coordinates": [103.86387503752985, 22.302694535799585]}, "properties": {"km": 101.0, "score": "dense", "cell_count": 48, "operators": ["Mobifone", "Vietnamobile", "Viettel", "Vinaphone"], "nearest_m": 426.8046137469268}}, {"type": "Feature", "geometry": {"type": "Point", "coordinates": [103.86322102148057, 22.300921359587367]}, "properties": {"km": 101.25, "score": "dense", "cell_count": 46, "operators": ["Mobifone", "Vietnamobile", "Viettel", "Vinaphone"], "nearest_m": 281.31885452789265}}, {"type": "Feature", "geometry": {"type": "Point", "coordinates": [103.86115742483513, 22.300191527450536]}, "properties": {"km": 101.5, "score": "dense", "cell_count": 44, "operators": ["Mobifone", "Vietnamobile", "Viettel", "Vinaphone"], "nearest_m": 416.9316268788055}}, {"type": "Feature", "geometry": {"type": "Point", "coordinates": [103.86039100618031, 22.298619263905696]}, "properties": {"km": 101.75, "score": "dense", "cell_count": 38, "operators": ["Mobifone", "Vietnamobile", "Viettel", "Vinaphone"], "nearest_m": 476.0572054854827}}, {"type": "Feature", "geometry": {"type": "Point", "coordinates": [103.8588973836237, 22.2976722732288]}, "properties": {"km": 102.0, "score": "dense", "cell_count": 34, "operators": ["Mobifone", "Viettel", "Vinaphone"], "nearest_m": 644.9611709355787}}, {"type": "Feature", "geometry": {"type": "Point", "coordinates": [103.8569905972918, 22.29693619458359]}, "properties": {"km": 102.25, "score": "dense", "cell_count": 31, "operators": ["Mobifone", "Viettel", "Vinaphone"], "nearest_m": 855.3671500400222}}, {"type": "Feature", "geometry": {"type": "Point", "coordinates": [103.8551720133401, 22.29719099533097]}, "properties": {"km": 102.5, "score": "dense", "cell_count": 28, "operators": ["Mobifone", "Vietnamobile", "Viettel", "Vinaphone"], "nearest_m": 1030.9183197093143}}, {"type": "Feature", "geometry": {"type": "Point", "coordinates": [103.85400293371814, 22.298236640890384]}, "properties": {"km": 102.75, "score": "dense", "cell_count": 30, "operators": ["Mobifone", "Vietnamobile", "Viettel", "Vinaphone"], "nearest_m": 1134.5539329937415}}, {"type": "Feature", "geometry": {"type": "Point", "coordinates": [103.85209626049947, 22.297963869547594]}, "properties": {"km": 103.0, "score": "dense", "cell_count": 20, "operators": ["Mobifone", "Vietnamobile", "Viettel", "Vinaphone"], "nearest_m": 1332.5235089232024}}, {"type": "Feature", "geometry": {"type": "Point", "coordinates": [103.85159986078635, 22.299427121811952]}, "properties": {"km": 103.25, "score": "dense", "cell_count": 29, "operators": ["Mobifone", "Vietnamobile", "Viettel", "Vinaphone"], "nearest_m": 1379.413538522812}}, {"type": "Feature", "geometry": {"type": "Point", "coordinates": [103.85075222603112, 22.300185451745662]}, "properties": {"km": 103.5, "score": "dense", "cell_count": 31, "operators": ["Mobifone", "Vietnamobile", "Viettel", "Vinaphone"], "nearest_m": 1471.7107492714372}}, {"type": "Feature", "geometry": {"type": "Point", "coordinates": [103.8488408496592, 22.299619588964624]}, "properties": {"km": 103.75, "score": "dense", "cell_count": 26, "operators": ["Mobifone", "Vietnamobile", "Viettel", "Vinaphone"], "nearest_m": 1663.8663801296327}}, {"type": "Feature", "geometry": {"type": "Point", "coordinates": [103.84677436195365, 22.299679035668447]}, "properties": {"km": 104.0, "score": "dense", "cell_count": 23, "operators": ["Mobifone", "Vietnamobile", "Viettel", "Vinaphone"], "nearest_m": 1876.5571124144872}}, {"type": "Feature", "geometry": {"type": "Point", "coordinates": [103.84534218009908, 22.29963992251824]}, "properties": {"km": 104.25, "score": "dense", "cell_count": 20, "operators": ["Mobifone", "Vietnamobile", "Viettel", "Vinaphone"], "nearest_m": 2023.6307641857127}}, {"type": "Feature", "geometry": {"type": "Point", "coordinates": [103.84431252095814, 22.298853165419185]}, "properties": {"km": 104.5, "score": "dense", "cell_count": 17, "operators": ["Mobifone", "Vietnamobile", "Viettel", "Vinaphone"], "nearest_m": 2128.3784120834007}}, {"type": "Feature", "geometry": {"type": "Point", "coordinates": [103.84369345902822, 22.300473058531118]}, "properties": {"km": 104.75, "score": "dense", "cell_count": 22, "operators": ["Mobifone", "Vietnamobile", "Viettel", "Vinaphone"], "nearest_m": 2198.103142655669}}, {"type": "Feature", "geometry": {"type": "Point", "coordinates": [103.84260929824333, 22.30216279585379]}, "properties": {"km": 105.0, "score": "dense", "cell_count": 35, "operators": ["Mobifone", "Vietnamobile", "Viettel", "Vinaphone"], "nearest_m": 2243.0872220171414}}, {"type": "Feature", "geometry": {"type": "Point", "coordinates": [103.84095809796241, 22.303032894234725]}, "properties": {"km": 105.25, "score": "dense", "cell_count": 42, "operators": ["Mobifone", "Vietnamobile", "Viettel", "Vinaphone"], "nearest_m": 2340.7659527290907}}, {"type": "Feature", "geometry": {"type": "Point", "coordinates": [103.8391747784788, 22.30305955380298]}, "properties": {"km": 105.5, "score": "dense", "cell_count": 42, "operators": ["Mobifone", "Vietnamobile", "Viettel", "Vinaphone"], "nearest_m": 2361.4863115324356}}, {"type": "Feature", "geometry": {"type": "Point", "coordinates": [103.83811593529597, 22.304406290197313]}, "properties": {"km": 105.75, "score": "dense", "cell_count": 58, "operators": ["Mobifone", "Vietnamobile", "Viettel", "Vinaphone"], "nearest_m": 2235.8994463548765}}, {"type": "Feature", "geometry": {"type": "Point", "coordinates": [103.83969819225213, 22.305802073832]}, "properties": {"km": 106.0, "score": "dense", "cell_count": 75, "operators": ["Mobifone", "Vietnamobile", "Viettel", "Vinaphone"], "nearest_m": 2051.824284301645}}, {"type": "Feature", "geometry": {"type": "Point", "coordinates": [103.84095751138672, 22.306993931509183]}, "properties": {"km": 106.25, "score": "dense", "cell_count": 96, "operators": ["Mobifone", "Vietnamobile", "Viettel", "Vinaphone"], "nearest_m": 1902.6249781634683}}, {"type": "Feature", "geometry": {"type": "Point", "coordinates": [103.84277015774595, 22.30837655372175]}, "properties": {"km": 106.5, "score": "dense", "cell_count": 133, "operators": ["Mobifone", "Vietnamobile", "Viettel", "Vinaphone"], "nearest_m": 1737.4088411391642}}, {"type": "Feature", "geometry": {"type": "Point", "coordinates": [103.84348353228495, 22.31023732765961]}, "properties": {"km": 106.75, "score": "dense", "cell_count": 165, "operators": ["Mobifone", "Vietnamobile", "Viettel", "Vinaphone"], "nearest_m": 1531.1474362857027}}, {"type": "Feature", "geometry": {"type": "Point", "coordinates": [103.8438218721459, 22.312025]}, "properties": {"km": 107.0, "score": "dense", "cell_count": 188, "operators": ["Mobifone", "Vietnamobile", "Viettel", "Vinaphone"], "nearest_m": 1334.2403853408662}}, {"type": "Feature", "geometry": {"type": "Point", "coordinates": [103.84575011131334, 22.313147457546076]}, "properties": {"km": 107.25, "score": "dense", "cell_count": 203, "operators": ["Mobifone", "Vietnamobile", "Viettel", "Vinaphone"], "nearest_m": 1217.6174084146003}}, {"type": "Feature", "geometry": {"type": "Point", "coordinates": [103.84788987314815, 22.313745018894675]}, "properties": {"km": 107.5, "score": "dense", "cell_count": 213, "operators": ["Mobifone", "Vietnamobile", "Viettel", "Vinaphone"], "nearest_m": 1018.5428624575101}}, {"type": "Feature", "geometry": {"type": "Point", "coordinates": [103.84982658697359, 22.314627005446372]}, "properties": {"km": 107.75, "score": "dense", "cell_count": 216, "operators": ["Mobifone", "Vietnamobile", "Viettel", "Vinaphone"], "nearest_m": 799.8213504365024}}, {"type": "Feature", "geometry": {"type": "Point", "coordinates": [103.84853945157559, 22.3161711341276]}, "properties": {"km": 108.0, "score": "dense", "cell_count": 217, "operators": ["Mobifone", "Vietnamobile", "Viettel", "Vinaphone"], "nearest_m": 777.0560247870125}}, {"type": "Feature", "geometry": {"type": "Point", "coordinates": [103.84647193734465, 22.31701365788132]}, "properties": {"km": 108.25, "score": "dense", "cell_count": 215, "operators": ["Mobifone", "Vietnamobile", "Viettel", "Vinaphone"], "nearest_m": 855.0060222164365}}, {"type": "Feature", "geometry": {"type": "Point", "coordinates": [103.84659504427918, 22.31901904427918]}, "properties": {"km": 108.5, "score": "dense", "cell_count": 217, "operators": ["Mobifone", "Vietnamobile", "Viettel", "Vinaphone"], "nearest_m": 665.9630975732439}}, {"type": "Feature", "geometry": {"type": "Point", "coordinates": [103.84685112027738, 22.320301879722628]}, "properties": {"km": 108.75, "score": "dense", "cell_count": 216, "operators": ["Mobifone", "Vietnamobile", "Viettel", "Vinaphone"], "nearest_m": 570.9803092586138}}, {"type": "Feature", "geometry": {"type": "Point", "coordinates": [103.8454060421061, 22.321842336848793]}, "properties": {"km": 109.0, "score": "dense", "cell_count": 224, "operators": ["Mobifone", "Vietnamobile", "Viettel", "Vinaphone"], "nearest_m": 344.6930801213829}}, {"type": "Feature", "geometry": {"type": "Point", "coordinates": [103.84442885313224, 22.323502343412336]}, "properties": {"km": 109.25, "score": "dense", "cell_count": 226, "operators": ["Mobifone", "Vietnamobile", "Viettel", "Vinaphone"], "nearest_m": 157.0457395348042}}, {"type": "Feature", "geometry": {"type": "Point", "coordinates": [103.84220459092863, 22.323971975510954]}, "properties": {"km": 109.5, "score": "dense", "cell_count": 228, "operators": ["Mobifone", "Vietnamobile", "Viettel", "Vinaphone"], "nearest_m": 81.87585809285225}}, {"type": "Feature", "geometry": {"type": "Point", "coordinates": [103.8402870298588, 22.325039840080684]}, "properties": {"km": 109.75, "score": "dense", "cell_count": 229, "operators": ["Mobifone", "Vietnamobile", "Viettel", "Vinaphone"], "nearest_m": 298.78217915886603}}, {"type": "Feature", "geometry": {"type": "Point", "coordinates": [103.83833299164824, 22.326177335560466]}, "properties": {"km": 110.0, "score": "dense", "cell_count": 232, "operators": ["Mobifone", "Vietnamobile", "Viettel", "Vinaphone"], "nearest_m": 265.4735900344633}}, {"type": "Feature", "geometry": {"type": "Point", "coordinates": [103.8362032966589, 22.327045396857464]}, "properties": {"km": 110.25, "score": "dense", "cell_count": 230, "operators": ["Mobifone", "Vietnamobile", "Viettel", "Vinaphone"], "nearest_m": 123.8724442147006}}, {"type": "Feature", "geometry": {"type": "Point", "coordinates": [103.83522834216654, 22.328302869830512]}, "properties": {"km": 110.5, "score": "dense", "cell_count": 228, "operators": ["Mobifone", "Vietnamobile", "Viettel", "Vinaphone"], "nearest_m": 41.058608915233656}}, {"type": "Feature", "geometry": {"type": "Point", "coordinates": [103.83604721369291, 22.32887720274322]}, "properties": {"km": 110.75, "score": "dense", "cell_count": 228, "operators": ["Mobifone", "Vietnamobile", "Viettel", "Vinaphone"], "nearest_m": 108.57558628968584}}, {"type": "Feature", "geometry": {"type": "Point", "coordinates": [103.83385627481299, 22.32936772967578]}, "properties": {"km": 111.0, "score": "dense", "cell_count": 228, "operators": ["Mobifone", "Vietnamobile", "Viettel", "Vinaphone"], "nearest_m": 43.479963877332864}}, {"type": "Feature", "geometry": {"type": "Point", "coordinates": [103.8322017792957, 22.330168332598856]}, "properties": {"km": 111.25, "score": "dense", "cell_count": 225, "operators": ["Mobifone", "Vietnamobile", "Viettel", "Vinaphone"], "nearest_m": 185.90331302065167}}, {"type": "Feature", "geometry": {"type": "Point", "coordinates": [103.83012455302979, 22.331190075513245]}, "properties": {"km": 111.5, "score": "dense", "cell_count": 225, "operators": ["Mobifone", "Vietnamobile", "Viettel", "Vinaphone"], "nearest_m": 90.9661076715199}}, {"type": "Feature", "geometry": {"type": "Point", "coordinates": [103.82795851689424, 22.33145857676335]}, "properties": {"km": 111.75, "score": "dense", "cell_count": 223, "operators": ["Mobifone", "Vietnamobile", "Viettel", "Vinaphone"], "nearest_m": 197.72973267848215}}, {"type": "Feature", "geometry": {"type": "Point", "coordinates": [103.825845252901, 22.33175168967576]}, "properties": {"km": 112.0, "score": "dense", "cell_count": 221, "operators": ["Mobifone", "Vietnamobile", "Viettel", "Vinaphone"], "nearest_m": 182.68456925299415}}, {"type": "Feature", "geometry": {"type": "Point", "coordinates": [103.82359719934982, 22.33230948599293]}, "properties": {"km": 112.25, "score": "dense", "cell_count": 208, "operators": ["Mobifone", "Vietnamobile", "Viettel", "Vinaphone"], "nearest_m": 358.31679152492933}}, {"type": "Feature", "geometry": {"type": "Point", "coordinates": [103.8225200837565, 22.334241325103587]}, "properties": {"km": 112.5, "score": "dense", "cell_count": 207, "operators": ["Mobifone", "Vietnamobile", "Viettel", "Vinaphone"], "nearest_m": 250.37119231127627}}, {"type": "Feature", "geometry": {"type": "Point", "coordinates": [103.82112045650977, 22.335654529085225]}, "properties": {"km": 112.75, "score": "dense", "cell_count": 201, "operators": ["Mobifone", "Vietnamobile", "Viettel", "Vinaphone"], "nearest_m": 40.363043255524666}}, {"type": "Feature", "geometry": {"type": "Point", "coordinates": [103.81927596867173, 22.336706773839335]}, "properties": {"km": 113.0, "score": "dense", "cell_count": 190, "operators": ["Mobifone", "Vietnamobile", "Viettel", "Vinaphone"], "nearest_m": 193.95525710822247}}, {"type": "Feature", "geometry": {"type": "Point", "coordinates": [103.81754507870441, 22.338218304525494]}, "properties": {"km": 113.25, "score": "dense", "cell_count": 176, "operators": ["Mobifone", "Vietnamobile", "Viettel", "Vinaphone"], "nearest_m": 328.2811117959225}}, {"type": "Feature", "geometry": {"type": "Point", "coordinates": [103.81574331711266, 22.339584212279604]}, "properties": {"km": 113.5, "score": "dense", "cell_count": 154, "operators": ["Mobifone", "Vietnamobile", "Viettel", "Vinaphone"], "nearest_m": 89.34250462643054}}, {"type": "Feature", "geometry": {"type": "Point", "coordinates": [103.81393206277961, 22.340777778231153]}, "properties": {"km": 113.75, "score": "dense", "cell_count": 128, "operators": ["Mobifone", "Vietnamobile", "Viettel", "Vinaphone"], "nearest_m": 139.79852695936287}}, {"type": "Feature", "geometry": {"type": "Point", "coordinates": [103.812499409832, 22.342320939887998]}, "properties": {"km": 114.0, "score": "dense", "cell_count": 89, "operators": ["Mobifone", "Vietnamobile", "Viettel", "Vinaphone"], "nearest_m": 171.81288319929288}}, {"type": "Feature", "geometry": {"type": "Point", "coordinates": [103.81051425534936, 22.34171828877107]}, "properties": {"km": 114.25, "score": "dense", "cell_count": 76, "operators": ["Mobifone", "Vietnamobile", "Viettel", "Vinaphone"], "nearest_m": 385.79008445491786}}, {"type": "Feature", "geometry": {"type": "Point", "coordinates": [103.80903656467757, 22.340356980376427]}, "properties": {"km": 114.5, "score": "dense", "cell_count": 67, "operators": ["Mobifone", "Vietnamobile", "Viettel", "Vinaphone"], "nearest_m": 589.0333545709506}}, {"type": "Feature", "geometry": {"type": "Point", "coordinates": [103.80769769602054, 22.341251434659817]}, "properties": {"km": 114.75, "score": "dense", "cell_count": 55, "operators": ["Mobifone", "Vietnamobile", "Viettel", "Vinaphone"], "nearest_m": 528.9309367084348}}, {"type": "Feature", "geometry": {"type": "Point", "coordinates": [103.80614428404388, 22.342760779705806]}, "properties": {"km": 115.0, "score": "dense", "cell_count": 47, "operators": ["Mobifone", "Vietnamobile", "Viettel", "Vinaphone"], "nearest_m": 407.6247389006764}}, {"type": "Feature", "geometry": {"type": "Point", "coordinates": [103.80588854851842, 22.343597110899264]}, "properties": {"km": 115.25, "score": "dense", "cell_count": 47, "operators": ["Mobifone", "Vietnamobile", "Viettel", "Vinaphone"], "nearest_m": 344.3045856100836}}, {"type": "Feature", "geometry": {"type": "Point", "coordinates": [103.80521570864416, 22.345653892057893]}, "properties": {"km": 115.5, "score": "dense", "cell_count": 47, "operators": ["Mobifone", "Vietnamobile", "Viettel", "Vinaphone"], "nearest_m": 288.9246637438354}}, {"type": "Feature", "geometry": {"type": "Point", "coordinates": [103.80445951191463, 22.347706720213427]}, "properties": {"km": 115.75, "score": "dense", "cell_count": 43, "operators": ["Mobifone", "Vietnamobile", "Viettel", "Vinaphone"], "nearest_m": 410.60692050064455}}, {"type": "Feature", "geometry": {"type": "Point", "coordinates": [103.80324945006589, 22.349297139815498]}, "properties": {"km": 116.0, "score": "dense", "cell_count": 42, "operators": ["Mobifone", "Vietnamobile", "Viettel", "Vinaphone"], "nearest_m": 610.8257066019446}}, {"type": "Feature", "geometry": {"type": "Point", "coordinates": [103.80237244511818, 22.350656148625376]}, "properties": {"km": 116.25, "score": "dense", "cell_count": 37, "operators": ["Mobifone", "Vietnamobile", "Viettel", "Vinaphone"], "nearest_m": 776.5383038514294}}, {"type": "Feature", "geometry": {"type": "Point", "coordinates": [103.80273008336842, 22.352192749810577]}, "properties": {"km": 116.5, "score": "dense", "cell_count": 37, "operators": ["Mobifone", "Vietnamobile", "Viettel", "Vinaphone"], "nearest_m": 876.3023629502262}}, {"type": "Feature", "geometry": {"type": "Point", "coordinates": [103.80341351084044, 22.353284342411687]}, "properties": {"km": 116.75, "score": "dense", "cell_count": 36, "operators": ["Mobifone", "Vietnamobile", "Viettel", "Vinaphone"], "nearest_m": 777.8187738858744}}, {"type": "Feature", "geometry": {"type": "Point", "coordinates": [103.80257714119651, 22.355064135384318]}, "properties": {"km": 117.0, "score": "dense", "cell_count": 36, "operators": ["Mobifone", "Vietnamobile", "Viettel", "Vinaphone"], "nearest_m": 736.7777551323321}}, {"type": "Feature", "geometry": {"type": "Point", "coordinates": [103.80192201441885, 22.357116086513102]}, "properties": {"km": 117.25, "score": "dense", "cell_count": 29, "operators": ["Mobifone", "Vietnamobile", "Viettel", "Vinaphone"], "nearest_m": 654.3104767359522}}, {"type": "Feature", "geometry": {"type": "Point", "coordinates": [103.80054855900103, 22.358179115686795]}, "properties": {"km": 117.5, "score": "dense", "cell_count": 26, "operators": ["Mobifone", "Vietnamobile", "Viettel", "Vinaphone"], "nearest_m": 556.4492994705247}}, {"type": "Feature", "geometry": {"type": "Point", "coordinates": [103.7984562419134, 22.358881181435045]}, "properties": {"km": 117.75, "score": "dense", "cell_count": 24, "operators": ["Mobifone", "Vietnamobile", "Viettel", "Vinaphone"], "nearest_m": 426.4177435957174}}, {"type": "Feature", "geometry": {"type": "Point", "coordinates": [103.79668429519188, 22.360129763846498]}, "properties": {"km": 118.0, "score": "dense", "cell_count": 23, "operators": ["Mobifone", "Vietnamobile", "Viettel", "Vinaphone"], "nearest_m": 198.4006660737768}}, {"type": "Feature", "geometry": {"type": "Point", "coordinates": [103.79657410550695, 22.36199505275347]}, "properties": {"km": 118.25, "score": "dense", "cell_count": 21, "operators": ["Mobifone", "Viettel", "Vinaphone"], "nearest_m": 161.87078547264}}, {"type": "Feature", "geometry": {"type": "Point", "coordinates": [103.79844255154109, 22.363018189426366]}, "properties": {"km": 118.5, "score": "dense", "cell_count": 22, "operators": ["Mobifone", "Viettel", "Vinaphone"], "nearest_m": 354.01080104106853}}, {"type": "Feature", "geometry": {"type": "Point", "coordinates": [103.79999059187233, 22.36473462552978]}, "properties": {"km": 118.75, "score": "dense", "cell_count": 21, "operators": ["Mobifone", "Viettel", "Vinaphone"], "nearest_m": 282.66493250614985}}, {"type": "Feature", "geometry": {"type": "Point", "coordinates": [103.80154980289936, 22.36615590666297]}, "properties": {"km": 119.0, "score": "dense", "cell_count": 21, "operators": ["Mobifone", "Viettel", "Vinaphone"], "nearest_m": 176.2021184692025}}, {"type": "Feature", "geometry": {"type": "Point", "coordinates": [103.80225827522369, 22.36813888072954]}, "properties": {"km": 119.25, "score": "dense", "cell_count": 21, "operators": ["Mobifone", "Viettel", "Vinaphone"], "nearest_m": 147.83212265999578}}, {"type": "Feature", "geometry": {"type": "Point", "coordinates": [103.80256378510359, 22.369978636139397]}, "properties": {"km": 119.5, "score": "dense", "cell_count": 20, "operators": ["Mobifone", "Viettel", "Vinaphone"], "nearest_m": 334.2327588704773}}, {"type": "Feature", "geometry": {"type": "Point", "coordinates": [103.80310689230534, 22.37199254505125]}, "properties": {"km": 119.75, "score": "dense", "cell_count": 20, "operators": ["Mobifone", "Viettel", "Vinaphone"], "nearest_m": 555.2544812329949}}, {"type": "Feature", "geometry": {"type": "Point", "coordinates": [103.80477702364101, 22.372765858153933]}, "properties": {"km": 120.0, "score": "dense", "cell_count": 20, "operators": ["Mobifone", "Viettel", "Vinaphone"], "nearest_m": 666.6647440851459}}, {"type": "Feature", "geometry": {"type": "Point", "coordinates": [103.80547896702647, 22.371986296761776]}, "properties": {"km": 120.25, "score": "dense", "cell_count": 20, "operators": ["Mobifone", "Viettel", "Vinaphone"], "nearest_m": 610.2398751525349}}, {"type": "Feature", "geometry": {"type": "Point", "coordinates": [103.806778, 22.370280995193642]}, "properties": {"km": 120.5, "score": "dense", "cell_count": 21, "operators": ["Mobifone", "Viettel", "Vinaphone"], "nearest_m": 532.9361302777202}}, {"type": "Feature", "geometry": {"type": "Point", "coordinates": [103.8080471543364, 22.369122718112134]}, "properties": {"km": 120.75, "score": "dense", "cell_count": 22, "operators": ["Mobifone", "Viettel", "Vinaphone"], "nearest_m": 555.2778239448857}}, {"type": "Feature", "geometry": {"type": "Point", "coordinates": [103.80984842196446, 22.370140129269494]}, "properties": {"km": 121.0, "score": "dense", "cell_count": 22, "operators": ["Mobifone", "Viettel", "Vinaphone"], "nearest_m": 758.4431897834398}}, {"type": "Feature", "geometry": {"type": "Point", "coordinates": [103.81167825752865, 22.37024385284077]}, "properties": {"km": 121.25, "score": "dense", "cell_count": 23, "operators": ["Mobifone", "Viettel", "Vinaphone"], "nearest_m": 900.8739546686318}}, {"type": "Feature", "geometry": {"type": "Point", "coordinates": [103.81361570987772, 22.370059]}, "properties": {"km": 121.5, "score": "dense", "cell_count": 24, "operators": ["Mobifone", "Viettel", "Vinaphone"], "nearest_m": 1049.4481190402817}}, {"type": "Feature", "geometry": {"type": "Point", "coordinates": [103.81506092887498, 22.37159655732499]}, "properties": {"km": 121.75, "score": "dense", "cell_count": 23, "operators": ["Mobifone", "Viettel", "Vinaphone"], "nearest_m": 1268.1943108489477}}, {"type": "Feature", "geometry": {"type": "Point", "coordinates": [103.81473031666782, 22.37357315104131]}, "properties": {"km": 122.0, "score": "dense", "cell_count": 20, "operators": ["Mobifone", "Viettel", "Vinaphone"], "nearest_m": 1381.9741854872493}}, {"type": "Feature", "geometry": {"type": "Point", "coordinates": [103.8128384944865, 22.374755670342335]}, "properties": {"km": 122.25, "score": "dense", "cell_count": 20, "operators": ["Mobifone", "Viettel", "Vinaphone"], "nearest_m": 1329.3485045407701}}, {"type": "Feature", "geometry": {"type": "Point", "coordinates": [103.8109467772675, 22.376080864651104]}, "properties": {"km": 122.5, "score": "dense", "cell_count": 19, "operators": ["Mobifone", "Viettel", "Vinaphone"], "nearest_m": 1298.9593880488421}}, {"type": "Feature", "geometry": {"type": "Point", "coordinates": [103.80986343871272, 22.37800284902982]}, "properties": {"km": 122.75, "score": "dense", "cell_count": 18, "operators": ["Mobifone", "Viettel", "Vinaphone"], "nearest_m": 1412.4154718006755}}, {"type": "Feature", "geometry": {"type": "Point", "coordinates": [103.80849852754794, 22.379785889808264]}, "properties": {"km": 123.0, "score": "dense", "cell_count": 17, "operators": ["Mobifone", "Viettel", "Vinaphone"], "nearest_m": 1530.02069804367}}, {"type": "Feature", "geometry": {"type": "Point", "coordinates": [103.80922122316635, 22.381668427735505]}, "properties": {"km": 123.25, "score": "dense", "cell_count": 14, "operators": ["Mobifone", "Viettel", "Vinaphone"], "nearest_m": 1736.2817606199624}}, {"type": "Feature", "geometry": {"type": "Point", "coordinates": [103.80971384948627, 22.383796655651008]}, "properties": {"km": 123.5, "score": "dense", "cell_count": 13, "operators": ["Mobifone", "Viettel"], "nearest_m": 1950.4345290323674}}, {"type": "Feature", "geometry": {"type": "Point", "coordinates": [103.81089241934347, 22.38545350084531]}, "properties": {"km": 123.75, "score": "moderate", "cell_count": 8, "operators": ["Viettel"], "nearest_m": 2170.2501000209477}}, {"type": "Feature", "geometry": {"type": "Point", "coordinates": [103.81056446319357, 22.387074617591423]}, "properties": {"km": 124.0, "score": "moderate", "cell_count": 7, "operators": ["Viettel"], "nearest_m": 2296.452635832853}}, {"type": "Feature", "geometry": {"type": "Point", "coordinates": [103.81127172037434, 22.389140402807474]}, "properties": {"km": 124.25, "score": "moderate", "cell_count": 4, "operators": ["Viettel"], "nearest_m": 2528.2115442925615}}, {"type": "Feature", "geometry": {"type": "Point", "coordinates": [103.811113, 22.390857307650734]}, "properties": {"km": 124.5, "score": "moderate", "cell_count": 3, "operators": ["Viettel"], "nearest_m": 2682.656026528165}}, {"type": "Feature", "geometry": {"type": "Point", "coordinates": [103.81256391222519, 22.39234743096631]}, "properties": {"km": 124.75, "score": "sparse", "cell_count": 2, "operators": ["Viettel"], "nearest_m": 2901.2356286464674}}, {"type": "Feature", "geometry": {"type": "Point", "coordinates": [103.81456262358554, 22.392731623585536]}, "properties": {"km": 125.0, "score": "sparse", "cell_count": 1, "operators": ["Mobifone"], "nearest_m": 2844.1242875865973}}, {"type": "Feature", "geometry": {"type": "Point", "coordinates": [103.81684643905862, 22.393012146352874]}, "properties": {"km": 125.25, "score": "sparse", "cell_count": 1, "operators": ["Mobifone"], "nearest_m": 2607.264028043783}}, {"type": "Feature", "geometry": {"type": "Point", "coordinates": [103.81886377293435, 22.393120306766413]}, "properties": {"km": 125.5, "score": "sparse", "cell_count": 1, "operators": ["Mobifone"], "nearest_m": 2400.065224777309}}, {"type": "Feature", "geometry": {"type": "Point", "coordinates": [103.82114085460111, 22.393050066598637]}, "properties": {"km": 125.75, "score": "sparse", "cell_count": 2, "operators": ["Mobifone", "Vinaphone"], "nearest_m": 2169.446609017344}}, {"type": "Feature", "geometry": {"type": "Point", "coordinates": [103.8228170841233, 22.393790224298208]}, "properties": {"km": 126.0, "score": "sparse", "cell_count": 2, "operators": ["Mobifone", "Vinaphone"], "nearest_m": 1987.4169169424188}}, {"type": "Feature", "geometry": {"type": "Point", "coordinates": [103.82476060917314, 22.393845099698527]}, "properties": {"km": 126.25, "score": "sparse", "cell_count": 2, "operators": ["Mobifone", "Vinaphone"], "nearest_m": 1788.4813129488214}}, {"type": "Feature", "geometry": {"type": "Point", "coordinates": [103.82592740081661, 22.39336640081661]}, "properties": {"km": 126.5, "score": "sparse", "cell_count": 2, "operators": ["Mobifone", "Vinaphone"], "nearest_m": 1678.1525240532578}}, {"type": "Feature", "geometry": {"type": "Point", "coordinates": [103.82807719282238, 22.39362712687849]}, "properties": {"km": 126.75, "score": "sparse", "cell_count": 2, "operators": ["Mobifone", "Vinaphone"], "nearest_m": 1455.500318206208}}, {"type": "Feature", "geometry": {"type": "Point", "coordinates": [103.8299126977064, 22.39418396131495]}, "properties": {"km": 127.0, "score": "moderate", "cell_count": 3, "operators": ["Mobifone", "Viettel", "Vinaphone"], "nearest_m": 1258.977105014204}}, {"type": "Feature", "geometry": {"type": "Point", "coordinates": [103.82895533765347, 22.395622580112203]}, "properties": {"km": 127.25, "score": "sparse", "cell_count": 2, "operators": ["Mobifone", "Vinaphone"], "nearest_m": 1341.7511625928237}}, {"type": "Feature", "geometry": {"type": "Point", "coordinates": [103.82920941042005, 22.39706560736919]}, "properties": {"km": 127.5, "score": "sparse", "cell_count": 2, "operators": ["Mobifone", "Vinaphone"], "nearest_m": 1320.2948710075523}}, {"type": "Feature", "geometry": {"type": "Point", "coordinates": [103.83135361805714, 22.397094099468905]}, "properties": {"km": 127.75, "score": "sparse", "cell_count": 2, "operators": ["Mobifone", "Vinaphone"], "nearest_m": 1101.2671515636198}}, {"type": "Feature", "geometry": {"type": "Point", "coordinates": [103.83368986193422, 22.39734851716053]}, "properties": {"km": 128.0, "score": "moderate", "cell_count": 3, "operators": ["Mobifone", "Viettel", "Vinaphone"], "nearest_m": 867.4018828333261}}, {"type": "Feature", "geometry": {"type": "Point", "coordinates": [103.83580352143598, 22.397057082925375]}, "properties": {"km": 128.25, "score": "moderate", "cell_count": 3, "operators": ["Mobifone", "Viettel", "Vinaphone"], "nearest_m": 647.7970471149815}}, {"type": "Feature", "geometry": {"type": "Point", "coordinates": [103.83659366966869, 22.398788471469906]}, "properties": {"km": 128.5, "score": "moderate", "cell_count": 3, "operators": ["Mobifone", "Viettel", "Vinaphone"], "nearest_m": 636.4442962409272}}, {"type": "Feature", "geometry": {"type": "Point", "coordinates": [103.83784375657805, 22.4002765512018]}, "properties": {"km": 128.75, "score": "moderate", "cell_count": 3, "operators": ["Mobifone", "Viettel", "Vinaphone"], "nearest_m": 639.2998075873629}}, {"type": "Feature", "geometry": {"type": "Point", "coordinates": [103.83987597899798, 22.39923254725453]}, "properties": {"km": 129.0, "score": "moderate", "cell_count": 3, "operators": ["Mobifone", "Viettel", "Vinaphone"], "nearest_m": 420.57308800241395}}, {"type": "Feature", "geometry": {"type": "Point", "coordinates": [103.8415394317982, 22.397642525362713]}, "properties": {"km": 129.25, "score": "moderate", "cell_count": 3, "operators": ["Mobifone", "Viettel", "Vinaphone"], "nearest_m": 188.67841245734635}}, {"type": "Feature", "geometry": {"type": "Point", "coordinates": [103.84353591131867, 22.397641807873853]}, "properties": {"km": 129.5, "score": "moderate", "cell_count": 3, "operators": ["Mobifone", "Viettel", "Vinaphone"], "nearest_m": 241.37455820964314}}, {"type": "Feature", "geometry": {"type": "Point", "coordinates": [103.84573947779444, 22.398182798949737]}, "properties": {"km": 129.75, "score": "moderate", "cell_count": 3, "operators": ["Mobifone", "Viettel", "Vinaphone"], "nearest_m": 454.6522274074486}}, {"type": "Feature", "geometry": {"type": "Point", "coordinates": [103.84659735586389, 22.396957220680537]}, "properties": {"km": 130.0, "score": "moderate", "cell_count": 3, "operators": ["Mobifone", "Viettel", "Vinaphone"], "nearest_m": 484.4789560043745}}, {"type": "Feature", "geometry": {"type": "Point", "coordinates": [103.8475954010611, 22.395178355118905]}, "properties": {"km": 130.25, "score": "moderate", "cell_count": 3, "operators": ["Mobifone", "Viettel", "Vinaphone"], "nearest_m": 431.2994233834254}}, {"type": "Feature", "geometry": {"type": "Point", "coordinates": [103.84866085709267, 22.393283535726834]}, "properties": {"km": 130.5, "score": "moderate", "cell_count": 3, "operators": ["Mobifone", "Viettel", "Vinaphone"], "nearest_m": 198.30504615362773}}, {"type": "Feature", "geometry": {"type": "Point", "coordinates": [103.84963783426241, 22.39219162770485]}, "properties": {"km": 130.75, "score": "moderate", "cell_count": 3, "operators": ["Mobifone", "Viettel", "Vinaphone"], "nearest_m": 42.9003532701691}}, {"type": "Feature", "geometry": {"type": "Point", "coordinates": [103.85132057268284, 22.39121120705105]}, "properties": {"km": 131.0, "score": "moderate", "cell_count": 5, "operators": ["Mobifone", "Viettel", "Vinaphone"], "nearest_m": 161.63646435796278}}, {"type": "Feature", "geometry": {"type": "Point", "coordinates": [103.85253382191053, 22.389728193390713]}, "properties": {"km": 131.25, "score": "dense", "cell_count": 10, "operators": ["Mobifone", "Viettel", "Vinaphone"], "nearest_m": 362.87327949718383}}, {"type": "Feature", "geometry": {"type": "Point", "coordinates": [103.85352641778915, 22.38826049326503]}, "properties": {"km": 131.5, "score": "dense", "cell_count": 14, "operators": ["Mobifone", "Vietnamobile", "Viettel", "Vinaphone"], "nearest_m": 551.6793480859725}}, {"type": "Feature", "geometry": {"type": "Point", "coordinates": [103.85500397174897, 22.388564555285132]}, "properties": {"km": 131.75, "score": "dense", "cell_count": 14, "operators": ["Mobifone", "Vietnamobile", "Viettel", "Vinaphone"], "nearest_m": 640.7845349165194}}, {"type": "Feature", "geometry": {"type": "Point", "coordinates": [103.85663073196775, 22.387343902048375]}, "properties": {"km": 132.0, "score": "dense", "cell_count": 17, "operators": ["Mobifone", "Vietnamobile", "Viettel", "Vinaphone"], "nearest_m": 856.033717954408}}, {"type": "Feature", "geometry": {"type": "Point", "coordinates": [103.85811100299475, 22.38581279520841]}, "properties": {"km": 132.25, "score": "dense", "cell_count": 19, "operators": ["Mobifone", "Vietnamobile", "Viettel", "Vinaphone"], "nearest_m": 1072.149108575794}}, {"type": "Feature", "geometry": {"type": "Point", "coordinates": [103.85861081868579, 22.384266549486355]}, "properties": {"km": 132.5, "score": "dense", "cell_count": 22, "operators": ["Mobifone", "Vietnamobile", "Viettel", "Vinaphone"], "nearest_m": 973.4250488439609}}, {"type": "Feature", "geometry": {"type": "Point", "coordinates": [103.8598, 22.38264189650126]}, "properties": {"km": 132.75, "score": "dense", "cell_count": 22, "operators": ["Mobifone", "Vietnamobile", "Viettel", "Vinaphone"], "nearest_m": 953.7327256474651}}, {"type": "Feature", "geometry": {"type": "Point", "coordinates": [103.86018882369477, 22.381165513399047]}, "properties": {"km": 133.0, "score": "dense", "cell_count": 22, "operators": ["Mobifone", "Vietnamobile", "Viettel", "Vinaphone"], "nearest_m": 912.5879932391871}}, {"type": "Feature", "geometry": {"type": "Point", "coordinates": [103.86099512476487, 22.3794852098225]}, "properties": {"km": 133.25, "score": "dense", "cell_count": 22, "operators": ["Mobifone", "Vietnamobile", "Viettel", "Vinaphone"], "nearest_m": 939.512362125955}}, {"type": "Feature", "geometry": {"type": "Point", "coordinates": [103.860801, 22.377391877465126]}, "properties": {"km": 133.5, "score": "dense", "cell_count": 22, "operators": ["Mobifone", "Vietnamobile", "Viettel", "Vinaphone"], "nearest_m": 907.4533095009914}}, {"type": "Feature", "geometry": {"type": "Point", "coordinates": [103.86024665789323, 22.375833700656575]}, "properties": {"km": 133.75, "score": "dense", "cell_count": 23, "operators": ["Mobifone", "Vietnamobile", "Viettel", "Vinaphone"], "nearest_m": 881.4879376088057}}, {"type": "Feature", "geometry": {"type": "Point", "coordinates": [103.86243345915385, 22.37586442574006]}, "properties": {"km": 134.0, "score": "dense", "cell_count": 22, "operators": ["Vietnamobile", "Viettel", "Vinaphone"], "nearest_m": 936.661046978914}}, {"type": "Feature", "geometry": {"type": "Point", "coordinates": [103.86392687482883, 22.37625086231171]}, "properties": {"km": 134.25, "score": "dense", "cell_count": 21, "operators": ["Vietnamobile", "Viettel", "Vinaphone"], "nearest_m": 812.1634611283899}}, {"type": "Feature", "geometry": {"type": "Point", "coordinates": [103.86609848683256, 22.376125080833884]}, "properties": {"km": 134.5, "score": "dense", "cell_count": 21, "operators": ["Vietnamobile", "Viettel", "Vinaphone"], "nearest_m": 612.1754553853739}}, {"type": "Feature", "geometry": {"type": "Point", "coordinates": [103.86786338755192, 22.37487808514539]}, "properties": {"km": 134.75, "score": "dense", "cell_count": 21, "operators": ["Vietnamobile", "Viettel", "Vinaphone"], "nearest_m": 384.2267063694417}}, {"type": "Feature", "geometry": {"type": "Point", "coordinates": [103.86753907669629, 22.373377863042336]}, "properties": {"km": 135.0, "score": "dense", "cell_count": 21, "operators": ["Vietnamobile", "Viettel", "Vinaphone"], "nearest_m": 358.340014389094}}, {"type": "Feature", "geometry": {"type": "Point", "coordinates": [103.86805918468343, 22.371384000967662]}, "properties": {"km": 135.25, "score": "dense", "cell_count": 21, "operators": ["Vietnamobile", "Viettel", "Vinaphone"], "nearest_m": 252.0127097966259}}, {"type": "Feature", "geometry": {"type": "Point", "coordinates": [103.8673335487049, 22.370122634196722]}, "properties": {"km": 135.5, "score": "dense", "cell_count": 21, "operators": ["Vietnamobile", "Viettel", "Vinaphone"], "nearest_m": 274.521955109029}}, {"type": "Feature", "geometry": {"type": "Point", "coordinates": [103.86642745108033, 22.368368140455992]}, "properties": {"km": 135.75, "score": "dense", "cell_count": 22, "operators": ["Vietnamobile", "Viettel", "Vinaphone"], "nearest_m": 269.82659438469267}}, {"type": "Feature", "geometry": {"type": "Point", "coordinates": [103.86516385819598, 22.366934185157408]}, "properties": {"km": 136.0, "score": "dense", "cell_count": 23, "operators": ["Vietnamobile", "Viettel", "Vinaphone"], "nearest_m": 215.4982099456227}}, {"type": "Feature", "geometry": {"type": "Point", "coordinates": [103.86689167336492, 22.3679782989266]}, "properties": {"km": 136.25, "score": "dense", "cell_count": 22, "operators": ["Vietnamobile", "Viettel", "Vinaphone"], "nearest_m": 220.25865439333035}}, {"type": "Feature", "geometry": {"type": "Point", "coordinates": [103.86808093718663, 22.36696947655519]}, "properties": {"km": 136.5, "score": "dense", "cell_count": 22, "operators": ["Vietnamobile", "Viettel", "Vinaphone"], "nearest_m": 108.12167452541938}}, {"type": "Feature", "geometry": {"type": "Point", "coordinates": [103.86924799177409, 22.36799299506445]}, "properties": {"km": 136.75, "score": "dense", "cell_count": 21, "operators": ["Vietnamobile", "Viettel", "Vinaphone"], "nearest_m": 136.0797424794938}}, {"type": "Feature", "geometry": {"type": "Point", "coordinates": [103.87051458445802, 22.369055584458017]}, "properties": {"km": 137.0, "score": "dense", "cell_count": 20, "operators": ["Vietnamobile", "Viettel", "Vinaphone"], "nearest_m": 53.27330026275699}}, {"type": "Feature", "geometry": {"type": "Point", "coordinates": [103.87118574136919, 22.367481129315404]}, "properties": {"km": 137.25, "score": "dense", "cell_count": 21, "operators": ["Vietnamobile", "Viettel", "Vinaphone"], "nearest_m": 208.30375509327783}}, {"type": "Feature", "geometry": {"type": "Point", "coordinates": [103.87311882066129, 22.366858]}, "properties": {"km": 137.5, "score": "dense", "cell_count": 20, "operators": ["Vietnamobile", "Viettel", "Vinaphone"], "nearest_m": 399.47513315226416}}, {"type": "Feature", "geometry": {"type": "Point", "coordinates": [103.87471251518676, 22.36595822375996]}, "properties": {"km": 137.75, "score": "dense", "cell_count": 20, "operators": ["Vietnamobile", "Viettel", "Vinaphone"], "nearest_m": 589.6759223491377}}, {"type": "Feature", "geometry": {"type": "Point", "coordinates": [103.87601213891831, 22.36454605898731]}, "properties": {"km": 138.0, "score": "dense", "cell_count": 20, "operators": ["Vietnamobile", "Viettel", "Vinaphone"], "nearest_m": 792.1361860389284}}, {"type": "Feature", "geometry": {"type": "Point", "coordinates": [103.87728878678556, 22.364895704955416]}, "properties": {"km": 138.25, "score": "dense", "cell_count": 20, "operators": ["Vietnamobile", "Viettel", "Vinaphone"], "nearest_m": 860.417552161418}}, {"type": "Feature", "geometry": {"type": "Point", "coordinates": [103.87915354315365, 22.363694194678924]}, "properties": {"km": 138.5, "score": "dense", "cell_count": 19, "operators": ["Vietnamobile", "Viettel", "Vinaphone"], "nearest_m": 1092.9767223040924}}, {"type": "Feature", "geometry": {"type": "Point", "coordinates": [103.88132137987766, 22.363639503593276]}, "properties": {"km": 138.75, "score": "dense", "cell_count": 19, "operators": ["Vietnamobile", "Viettel", "Vinaphone"], "nearest_m": 1275.403381913406}}, {"type": "Feature", "geometry": {"type": "Point", "coordinates": [103.88277253708269, 22.362298]}, "properties": {"km": 139.0, "score": "dense", "cell_count": 19, "operators": ["Vietnamobile", "Viettel", "Vinaphone"], "nearest_m": 1482.8810419334966}}, {"type": "Feature", "geometry": {"type": "Point", "coordinates": [103.88478743036781, 22.36167852404904]}, "properties": {"km": 139.25, "score": "dense", "cell_count": 19, "operators": ["Vietnamobile", "Viettel", "Vinaphone"], "nearest_m": 1677.8749036494712}}, {"type": "Feature", "geometry": {"type": "Point", "coordinates": [103.88602100249177, 22.36016565011549]}, "properties": {"km": 139.5, "score": "dense", "cell_count": 19, "operators": ["Vietnamobile", "Viettel", "Vinaphone"], "nearest_m": 1888.0237825122533}}, {"type": "Feature", "geometry": {"type": "Point", "coordinates": [103.88706753758149, 22.35829794989134]}, "properties": {"km": 139.75, "score": "dense", "cell_count": 18, "operators": ["Vietnamobile", "Viettel", "Vinaphone"], "nearest_m": 2103.1074825888}}, {"type": "Feature", "geometry": {"type": "Point", "coordinates": [103.88590345389865, 22.35648946453464]}, "properties": {"km": 140.0, "score": "dense", "cell_count": 19, "operators": ["Vietnamobile", "Viettel", "Vinaphone"], "nearest_m": 2123.183882079103}}, {"type": "Feature", "geometry": {"type": "Point", "coordinates": [103.88507792671881, 22.35462751296833]}, "properties": {"km": 140.25, "score": "dense", "cell_count": 19, "operators": ["Vietnamobile", "Viettel", "Vinaphone"], "nearest_m": 1926.0778940951882}}, {"type": "Feature", "geometry": {"type": "Point", "coordinates": [103.88356470665192, 22.353426627050236]}, "properties": {"km": 140.5, "score": "dense", "cell_count": 19, "operators": ["Vietnamobile", "Viettel", "Vinaphone"], "nearest_m": 1740.4522541451197}}, {"type": "Feature", "geometry": {"type": "Point", "coordinates": [103.88315422166153, 22.351573458136624]}, "properties": {"km": 140.75, "score": "dense", "cell_count": 19, "operators": ["Vietnamobile", "Viettel", "Vinaphone"], "nearest_m": 1534.6987875107234}}, {"type": "Feature", "geometry": {"type": "Point", "coordinates": [103.8821602736674, 22.350098187774265]}, "properties": {"km": 141.0, "score": "dense", "cell_count": 19, "operators": ["Vietnamobile", "Viettel", "Vinaphone"], "nearest_m": 1343.3410291410344}}, {"type": "Feature", "geometry": {"type": "Point", "coordinates": [103.88219127880876, 22.348106189586762]}, "properties": {"km": 141.25, "score": "dense", "cell_count": 19, "operators": ["Vietnamobile", "Viettel", "Vinaphone"], "nearest_m": 1144.699304797964}}, {"type": "Feature", "geometry": {"type": "Point", "coordinates": [103.8824400605525, 22.34649940917125]}, "properties": {"km": 141.5, "score": "dense", "cell_count": 16, "operators": ["Vietnamobile", "Viettel", "Vinaphone"], "nearest_m": 1004.1997318614777}}, {"type": "Feature", "geometry": {"type": "Point", "coordinates": [103.88321250583982, 22.344472988320348]}, "properties": {"km": 141.75, "score": "dense", "cell_count": 12, "operators": ["Mobifone", "Vietnamobile", "Viettel", "Vinaphone"], "nearest_m": 882.3852682894345}}, {"type": "Feature", "geometry": {"type": "Point", "coordinates": [103.88363431475355, 22.34236848197165]}, "properties": {"km": 142.0, "score": "dense", "cell_count": 10, "operators": ["Mobifone", "Vietnamobile", "Viettel", "Vinaphone"], "nearest_m": 778.3754533180597}}, {"type": "Feature", "geometry": {"type": "Point", "coordinates": [103.88451683465895, 22.340604459773388]}, "properties": {"km": 142.25, "score": "dense", "cell_count": 10, "operators": ["Mobifone", "Vietnamobile", "Viettel", "Vinaphone"], "nearest_m": 793.4196061341439}}, {"type": "Feature", "geometry": {"type": "Point", "coordinates": [103.88577731281019, 22.339572099552857]}, "properties": {"km": 142.5, "score": "dense", "cell_count": 12, "operators": ["Mobifone", "Vietnamobile", "Viettel", "Vinaphone"], "nearest_m": 904.9823612513565}}, {"type": "Feature", "geometry": {"type": "Point", "coordinates": [103.88528732165801, 22.337453374196958]}, "properties": {"km": 142.75, "score": "dense", "cell_count": 16, "operators": ["Mobifone", "Vietnamobile", "Viettel", "Vinaphone"], "nearest_m": 869.5313404884811}}, {"type": "Feature", "geometry": {"type": "Point", "coordinates": [103.88525106234542, 22.33564725519545]}, "properties": {"km": 143.0, "score": "dense", "cell_count": 21, "operators": ["Mobifone", "Vietnamobile", "Viettel", "Vinaphone"], "nearest_m": 926.9091278739826}}, {"type": "Feature", "geometry": {"type": "Point", "coordinates": [103.88564212396373, 22.33388640623755]}, "properties": {"km": 143.25, "score": "dense", "cell_count": 23, "operators": ["Mobifone", "Vietnamobile", "Viettel", "Vinaphone"], "nearest_m": 1055.16846660311}}, {"type": "Feature", "geometry": {"type": "Point", "coordinates": [103.88598003431085, 22.331714320234607]}, "properties": {"km": 143.5, "score": "dense", "cell_count": 29, "operators": ["Mobifone", "Vietnamobile", "Viettel", "Vinaphone"], "nearest_m": 1228.5702271574633}}, {"type": "Feature", "geometry": {"type": "Point", "coordinates": [103.8867290564867, 22.329878]}, "properties": {"km": 143.75, "score": "dense", "cell_count": 30, "operators": ["Mobifone", "Vietnamobile", "Viettel", "Vinaphone"], "nearest_m": 1345.4916233985534}}, {"type": "Feature", "geometry": {"type": "Point", "coordinates": [103.88750150519388, 22.327931798327995]}, "properties": {"km": 144.0, "score": "dense", "cell_count": 33, "operators": ["Mobifone", "Vietnamobile", "Viettel", "Vinaphone"], "nearest_m": 1197.3383933864104}}, {"type": "Feature", "geometry": {"type": "Point", "coordinates": [103.88782757719723, 22.325967137239523]}, "properties": {"km": 144.25, "score": "dense", "cell_count": 35, "operators": ["Mobifone", "Vietnamobile", "Viettel", "Vinaphone"], "nearest_m": 1045.657442112295}}, {"type": "Feature", "geometry": {"type": "Point", "coordinates": [103.88982042519915, 22.325019465170154]}, "properties": {"km": 144.5, "score": "dense", "cell_count": 32, "operators": ["Mobifone", "Vietnamobile", "Viettel", "Vinaphone"], "nearest_m": 1127.4677352993303}}, {"type": "Feature", "geometry": {"type": "Point", "coordinates": [103.89131265133675, 22.323964761497443]}, "properties": {"km": 144.75, "score": "dense", "cell_count": 32, "operators": ["Mobifone", "Vietnamobile", "Viettel", "Vinaphone"], "nearest_m": 1195.8418475961575}}, {"type": "Feature", "geometry": {"type": "Point", "coordinates": [103.89231400521189, 22.322339004690704]}, "properties": {"km": 145.0, "score": "dense", "cell_count": 35, "operators": ["Mobifone", "Vietnamobile", "Viettel", "Vinaphone"], "nearest_m": 1221.5861186047828}}, {"type": "Feature", "geometry": {"type": "Point", "coordinates": [103.89352559751764, 22.321879719503524]}, "properties": {"km": 145.25, "score": "dense", "cell_count": 33, "operators": ["Mobifone", "Vietnamobile", "Viettel", "Vinaphone"], "nearest_m": 1327.6220783885483}}, {"type": "Feature", "geometry": {"type": "Point", "coordinates": [103.89526182635748, 22.320889869457]}, "properties": {"km": 145.5, "score": "dense", "cell_count": 33, "operators": ["Mobifone", "Vietnamobile", "Viettel", "Vinaphone"], "nearest_m": 1475.7613207885377}}, {"type": "Feature", "geometry": {"type": "Point", "coordinates": [103.89488712609632, 22.319630008770506]}, "properties": {"km": 145.75, "score": "dense", "cell_count": 34, "operators": ["Mobifone", "Vietnamobile", "Viettel", "Vinaphone"], "nearest_m": 1373.7220179162107}}, {"type": "Feature", "geometry": {"type": "Point", "coordinates": [103.89655910541565, 22.318622439070907]}, "properties": {"km": 146.0, "score": "dense", "cell_count": 34, "operators": ["Mobifone", "Vietnamobile", "Viettel", "Vinaphone"], "nearest_m": 1428.0261287164187}}, {"type": "Feature", "geometry": {"type": "Point", "coordinates": [103.89778323361374, 22.317318431092275]}, "properties": {"km": 146.25, "score": "dense", "cell_count": 34, "operators": ["Mobifone", "Vietnamobile", "Viettel", "Vinaphone"], "nearest_m": 1317.3517290965003}}, {"type": "Feature", "geometry": {"type": "Point", "coordinates": [103.898831258751, 22.315436070007994]}, "properties": {"km": 146.5, "score": "dense", "cell_count": 34, "operators": ["Mobifone", "Vietnamobile", "Viettel", "Vinaphone"], "nearest_m": 1160.997528650255}}, {"type": "Feature", "geometry": {"type": "Point", "coordinates": [103.90071644420307, 22.315516178879182]}, "properties": {"km": 146.75, "score": "dense", "cell_count": 33, "operators": ["Mobifone", "Vietnamobile", "Viettel", "Vinaphone"], "nearest_m": 1263.7487711564008}}, {"type": "Feature", "geometry": {"type": "Point", "coordinates": [103.90279904791666, 22.314510458785108]}, "properties": {"km": 147.0, "score": "dense", "cell_count": 33, "operators": ["Mobifone", "Vietnamobile", "Viettel", "Vinaphone"], "nearest_m": 1309.5226006539742}}, {"type": "Feature", "geometry": {"type": "Point", "coordinates": [103.90460440624348, 22.31334308650754]}, "properties": {"km": 147.25, "score": "dense", "cell_count": 32, "operators": ["Mobifone", "Vietnamobile", "Viettel", "Vinaphone"], "nearest_m": 1362.6219880880367}}, {"type": "Feature", "geometry": {"type": "Point", "coordinates": [103.90478478593616, 22.31140681327415]}, "properties": {"km": 147.5, "score": "dense", "cell_count": 32, "operators": ["Mobifone", "Vietnamobile", "Viettel", "Vinaphone"], "nearest_m": 1261.8810288892462}}, {"type": "Feature", "geometry": {"type": "Point", "coordinates": [103.90543199876173, 22.310775234238026]}, "properties": {"km": 147.75, "score": "dense", "cell_count": 28, "operators": ["Mobifone", "Vietnamobile", "Viettel", "Vinaphone"], "nearest_m": 1208.9610706089306}}, {"type": "Feature", "geometry": {"type": "Point", "coordinates": [103.90630315447646, 22.3101429496281]}, "properties": {"km": 148.0, "score": "dense", "cell_count": 27, "operators": ["Mobifone", "Vietnamobile", "Viettel", "Vinaphone"], "nearest_m": 1130.120552054972}}, {"type": "Feature", "geometry": {"type": "Point", "coordinates": [103.90642150904249, 22.309093902900987]}, "properties": {"km": 148.25, "score": "dense", "cell_count": 27, "operators": ["Mobifone", "Vietnamobile", "Viettel", "Vinaphone"], "nearest_m": 1012.945609242708}}, {"type": "Feature", "geometry": {"type": "Point", "coordinates": [103.90762810260135, 22.309241480853036]}, "properties": {"km": 148.5, "score": "dense", "cell_count": 22, "operators": ["Mobifone", "Vietnamobile", "Viettel", "Vinaphone"], "nearest_m": 1029.6353253428583}}, {"type": "Feature", "geometry": {"type": "Point", "coordinates": [103.90794395521874, 22.307414044781257]}, "properties": {"km": 148.75, "score": "dense", "cell_count": 20, "operators": ["Mobifone", "Vietnamobile", "Viettel", "Vinaphone"], "nearest_m": 830.1039855600682}}, {"type": "Feature", "geometry": {"type": "Point", "coordinates": [103.90954821391823, 22.305989459659287]}, "properties": {"km": 149.0, "score": "dense", "cell_count": 19, "operators": ["Mobifone", "Vietnamobile", "Viettel", "Vinaphone"], "nearest_m": 715.7345322496744}}, {"type": "Feature", "geometry": {"type": "Point", "coordinates": [103.91145957731231, 22.30473705313467]}, "properties": {"km": 149.25, "score": "dense", "cell_count": 16, "operators": ["Mobifone", "Viettel", "Vinaphone"], "nearest_m": 698.5248689373071}}, {"type": "Feature", "geometry": {"type": "Point", "coordinates": [103.91298354827973, 22.303097271460814]}, "properties": {"km": 149.5, "score": "dense", "cell_count": 15, "operators": ["Mobifone", "Viettel", "Vinaphone"], "nearest_m": 705.3661093371479}}, {"type": "Feature", "geometry": {"type": "Point", "coordinates": [103.91514521419207, 22.302695563537153]}, "properties": {"km": 149.75, "score": "dense", "cell_count": 14, "operators": ["Mobifone", "Viettel", "Vinaphone"], "nearest_m": 889.9536168375496}}, {"type": "Feature", "geometry": {"type": "Point", "coordinates": [103.9171657530239, 22.302138481856677]}, "properties": {"km": 150.0, "score": "dense", "cell_count": 13, "operators": ["Mobifone", "Viettel", "Vinaphone"], "nearest_m": 1072.5228003144698}}, {"type": "Feature", "geometry": {"type": "Point", "coordinates": [103.91904695047332, 22.301954950473316]}, "properties": {"km": 150.25, "score": "dense", "cell_count": 12, "operators": ["Mobifone", "Viettel", "Vinaphone"], "nearest_m": 1258.2845620195653}}, {"type": "Feature", "geometry": {"type": "Point", "coordinates": [103.92062922129065, 22.301482928547358]}, "properties": {"km": 150.5, "score": "dense", "cell_count": 9, "operators": ["Mobifone", "Viettel", "Vinaphone"], "nearest_m": 1411.8106978215994}}, {"type": "Feature", "geometry": {"type": "Point", "coordinates": [103.92170992799852, 22.300556748243935]}, "properties": {"km": 150.75, "score": "moderate", "cell_count": 8, "operators": ["Mobifone", "Viettel", "Vinaphone"], "nearest_m": 1514.599906658913}}, {"type": "Feature", "geometry": {"type": "Point", "coordinates": [103.92343242689428, 22.300098906757665]}, "properties": {"km": 151.0, "score": "moderate", "cell_count": 6, "operators": ["Viettel", "Vinaphone"], "nearest_m": 1690.5806874812029}}, {"type": "Feature", "geometry": {"type": "Point", "coordinates": [103.92482693773266, 22.29928637732651]}, "properties": {"km": 151.25, "score": "moderate", "cell_count": 6, "operators": ["Viettel", "Vinaphone"], "nearest_m": 1835.7313740825816}}, {"type": "Feature", "geometry": {"type": "Point", "coordinates": [103.92580861675366, 22.29765838324634]}, "properties": {"km": 151.5, "score": "moderate", "cell_count": 6, "operators": ["Viettel", "Vinaphone"], "nearest_m": 1952.4603476694608}}, {"type": "Feature", "geometry": {"type": "Point", "coordinates": [103.92778437779175, 22.29754854073608]}, "properties": {"km": 151.75, "score": "moderate", "cell_count": 4, "operators": ["Viettel", "Vinaphone"], "nearest_m": 2155.591920670337}}, {"type": "Feature", "geometry": {"type": "Point", "coordinates": [103.92939085861323, 22.296175973004676]}, "properties": {"km": 152.0, "score": "moderate", "cell_count": 3, "operators": ["Viettel", "Vinaphone"], "nearest_m": 2342.4882008194686}}, {"type": "Feature", "geometry": {"type": "Point", "coordinates": [103.93107783633081, 22.294768155055014]}, "properties": {"km": 152.25, "score": "moderate", "cell_count": 4, "operators": ["Mobifone", "Viettel", "Vinaphone"], "nearest_m": 2325.5532554348897}}, {"type": "Feature", "geometry": {"type": "Point", "coordinates": [103.93251201336254, 22.293125496659364]}, "properties": {"km": 152.5, "score": "moderate", "cell_count": 4, "operators": ["Mobifone", "Viettel", "Vinaphone"], "nearest_m": 2092.744575913824}}, {"type": "Feature", "geometry": {"type": "Point", "coordinates": [103.93397760384354, 22.29184575654081]}, "properties": {"km": 152.75, "score": "moderate", "cell_count": 3, "operators": ["Mobifone", "Viettel", "Vinaphone"], "nearest_m": 1893.8901643035474}}, {"type": "Feature", "geometry": {"type": "Point", "coordinates": [103.93611127792059, 22.290979180519855]}, "properties": {"km": 153.0, "score": "sparse", "cell_count": 2, "operators": ["Mobifone", "Vinaphone"], "nearest_m": 1708.3842441113206}}, {"type": "Feature", "geometry": {"type": "Point", "coordinates": [103.93828092079093, 22.290777597363554]}, "properties": {"km": 153.25, "score": "sparse", "cell_count": 2, "operators": ["Mobifone", "Vinaphone"], "nearest_m": 1607.102337562577}}, {"type": "Feature", "geometry": {"type": "Point", "coordinates": [103.94046268895553, 22.290118198581954]}, "properties": {"km": 153.5, "score": "sparse", "cell_count": 2, "operators": ["Mobifone", "Vinaphone"], "nearest_m": 1481.8550234669788}}, {"type": "Feature", "geometry": {"type": "Point", "coordinates": [103.94273925478193, 22.289863288970324]}, "properties": {"km": 153.75, "score": "moderate", "cell_count": 3, "operators": ["Mobifone", "Viettel", "Vinaphone"], "nearest_m": 1430.584056179818}}, {"type": "Feature", "geometry": {"type": "Point", "coordinates": [103.94465269996084, 22.289255028537863]}, "properties": {"km": 154.0, "score": "moderate", "cell_count": 3, "operators": ["Mobifone", "Viettel", "Vinaphone"], "nearest_m": 1373.2659772540803}}, {"type": "Feature", "geometry": {"type": "Point", "coordinates": [103.94534610395738, 22.29075642216302]}, "properties": {"km": 154.25, "score": "moderate", "cell_count": 3, "operators": ["Mobifone", "Viettel", "Vinaphone"], "nearest_m": 1548.5741335661028}}, {"type": "Feature", "geometry": {"type": "Point", "coordinates": [103.9470471251079, 22.292087241279535]}, "properties": {"km": 154.5, "score": "moderate", "cell_count": 3, "operators": ["Mobifone", "Viettel", "Vinaphone"], "nearest_m": 1728.531404274521}}, {"type": "Feature", "geometry": {"type": "Point", "coordinates": [103.94811120195745, 22.29377]}, "properties": {"km": 154.75, "score": "moderate", "cell_count": 3, "operators": ["Mobifone", "Viettel", "Vinaphone"], "nearest_m": 1937.4751298962956}}, {"type": "Feature", "geometry": {"type": "Point", "coordinates": [103.94673106889263, 22.294267152031207]}, "properties": {"km": 155.0, "score": "moderate", "cell_count": 3, "operators": ["Mobifone", "Viettel", "Vinaphone"], "nearest_m": 1958.0205981274632}}, {"type": "Feature", "geometry": {"type": "Point", "coordinates": [103.94870308833332, 22.295116079677424]}, "properties": {"km": 155.25, "score": "moderate", "cell_count": 3, "operators": ["Mobifone", "Viettel", "Vinaphone"], "nearest_m": 2098.139269680978}}, {"type": "Feature", "geometry": {"type": "Point", "coordinates": [103.94874758000488, 22.295847317858016]}, "properties": {"km": 155.5, "score": "moderate", "cell_count": 3, "operators": ["Mobifone", "Viettel", "Vinaphone"], "nearest_m": 2177.5617866530215}}, {"type": "Feature", "geometry": {"type": "Point", "coordinates": [103.9503631224122, 22.29476350225027]}, "properties": {"km": 155.75, "score": "moderate", "cell_count": 3, "operators": ["Mobifone", "Viettel", "Vinaphone"], "nearest_m": 2115.51270232471}}, {"type": "Feature", "geometry": {"type": "Point", "coordinates": [103.95144744709916, 22.293443023321014]}, "properties": {"km": 156.0, "score": "moderate", "cell_count": 3, "operators": ["Mobifone", "Viettel", "Vinaphone"], "nearest_m": 2024.4516120092846}}, {"type": "Feature", "geometry": {"type": "Point", "coordinates": [103.95206441240286, 22.29184060677739]}, "properties": {"km": 156.25, "score": "moderate", "cell_count": 3, "operators": ["Mobifone", "Viettel", "Vinaphone"], "nearest_m": 1895.5143796281855}}, {"type": "Feature", "geometry": {"type": "Point", "coordinates": [103.95372689823688, 22.291829232601433]}, "properties": {"km": 156.5, "score": "moderate", "cell_count": 3, "operators": ["Mobifone", "Viettel", "Vinaphone"], "nearest_m": 1984.2185545714526}}, {"type": "Feature", "geometry": {"type": "Point", "coordinates": [103.95558266790242, 22.290765039110255]}, "properties": {"km": 156.75, "score": "moderate", "cell_count": 3, "operators": ["Mobifone", "Viettel", "Vinaphone"], "nearest_m": 2004.7016534611885}}, {"type": "Feature", "geometry": {"type": "Point", "coordinates": [103.95698763822053, 22.2905036314119]}, "properties": {"km": 157.0, "score": "moderate", "cell_count": 3, "operators": ["Mobifone", "Viettel", "Vinaphone"], "nearest_m": 2008.2826996346214}}, {"type": "Feature", "geometry": {"type": "Point", "coordinates": [103.95809758635606, 22.288861765913964]}, "properties": {"km": 157.25, "score": "moderate", "cell_count": 3, "operators": ["Mobifone", "Viettel", "Vinaphone"], "nearest_m": 1792.9907666254744}}, {"type": "Feature", "geometry": {"type": "Point", "coordinates": [103.95977290271263, 22.28774640586507]}, "properties": {"km": 157.5, "score": "moderate", "cell_count": 3, "operators": ["Mobifone", "Viettel", "Vinaphone"], "nearest_m": 1600.562585024759}}, {"type": "Feature", "geometry": {"type": "Point", "coordinates": [103.96064758235073, 22.285841181374394]}, "properties": {"km": 157.75, "score": "moderate", "cell_count": 3, "operators": ["Mobifone", "Viettel", "Vinaphone"], "nearest_m": 1371.2808198969192}}, {"type": "Feature", "geometry": {"type": "Point", "coordinates": [103.96210344362146, 22.28405081388879]}, "properties": {"km": 158.0, "score": "moderate", "cell_count": 3, "operators": ["Mobifone", "Viettel", "Vinaphone"], "nearest_m": 1125.4730619993727}}, {"type": "Feature", "geometry": {"type": "Point", "coordinates": [103.96072055755576, 22.282524863313622]}, "properties": {"km": 158.25, "score": "moderate", "cell_count": 3, "operators": ["Mobifone", "Viettel", "Vinaphone"], "nearest_m": 1057.1568766303212}}, {"type": "Feature", "geometry": {"type": "Point", "coordinates": [103.96250249081584, 22.281340720646472]}, "properties": {"km": 158.5, "score": "moderate", "cell_count": 3, "operators": ["Mobifone", "Viettel", "Vinaphone"], "nearest_m": 843.3622219826315}}, {"type": "Feature", "geometry": {"type": "Point", "coordinates": [103.96409636265489, 22.28020856743363]}, "properties": {"km": 158.75, "score": "moderate", "cell_count": 3, "operators": ["Mobifone", "Viettel", "Vinaphone"], "nearest_m": 651.6879147352278}}, {"type": "Feature", "geometry": {"type": "Point", "coordinates": [103.96433302759178, 22.278378067505997]}, "properties": {"km": 159.0, "score": "moderate", "cell_count": 3, "operators": ["Mobifone", "Viettel", "Vinaphone"], "nearest_m": 465.1879430490729}}, {"type": "Feature", "geometry": {"type": "Point", "coordinates": [103.96576777020498, 22.2771324638334]}, "properties": {"km": 159.25, "score": "moderate", "cell_count": 3, "operators": ["Mobifone", "Viettel", "Vinaphone"], "nearest_m": 268.88968097077026}}, {"type": "Feature", "geometry": {"type": "Point", "coordinates": [103.966778, 22.276212]}, "properties": {"km": 159.415, "score": "moderate", "cell_count": 3, "operators": ["Mobifone", "Viettel", "Vinaphone"], "nearest_m": 136.6904752722998}}]}