{"type": "FeatureCollection", "features": [{"type": "Feature", "geometry": {"type": "Point", "coordinates": [103.84119, 22.33569]}, "properties": {"km": 0.0, "score": "none", "cell_count": 0, "operators": [], "nearest_m": null}}, {"type": "Feature", "geometry": {"type": "Point", "coordinates": [103.84325271560756, 22.334930853596415]}, "properties": {"km": 0.25, "score": "none", "cell_count": 0, "operators": [], "nearest_m": null}}, {"type": "Feature", "geometry": {"type": "Point", "coordinates": [103.84506431838737, 22.33494207075275]}, "properties": {"km": 0.5, "score": "none", "cell_count": 0, "operators": [], "nearest_m": null}}, {"type": "Feature", "geometry": {"type": "Point", "coordinates": [103.84712239709158, 22.333937224420282]}, "properties": {"km": 0.75, "score": "none", "cell_count": 0, "operators": [], "nearest_m": null}}, {"type": "Feature", "geometry": {"type": "Point", "coordinates": [103.84888462829755, 22.332625184216397]}, "properties": {"km": 1.0, "score": "none", "cell_count": 0, "operators": [], "nearest_m": null}}, {"type": "Feature", "geometry": {"type": "Point", "coordinates": [103.85041942332252, 22.33346898334106]}, "properties": {"km": 1.25, "score": "none", "cell_count": 0, "operators": [], "nearest_m": null}}, {"type": "Feature", "geometry": {"type": "Point", "coordinates": [103.85269740390342, 22.33374316775095]}, "properties": {"km": 1.5, "score": "none", "cell_count": 0, "operators": [], "nearest_m": null}}, {"type": "Feature", "geometry": {"type": "Point", "coordinates": [103.85508720991393, 22.33373067592943]}, "properties": {"km": 1.75, "score": "none", "cell_count": 0, "operators": [], "nearest_m": null}}, {"type": "Feature", "geometry": {"type": "Point", "coordinates": [103.8572262564818, 22.334507857883633]}, "properties": {"km": 2.0, "score": "none", "cell_count": 0, "operators": [], "nearest_m": null}}, {"type": "Feature", "geometry": {"type": "Point", "coordinates": [103.85919044048865, 22.33387606229023]}, "properties": {"km": 2.25, "score": "none", "cell_count": 0, "operators": [], "nearest_m": null}}, {"type": "Feature", "geometry": {"type": "Point", "coordinates": [103.86070205433873, 22.33237598471723]}, "properties": {"km": 2.5, "score": "none", "cell_count": 0, "operators": [], "nearest_m": null}}, {"type": "Feature", "geometry": {"type": "Point", "coordinates": [103.86296080742932, 22.33174]}, "properties": {"km": 2.75, "score": "none", "cell_count": 0, "operators": [], "nearest_m": null}}, {"type": "Feature", "geometry": {"type": "Point", "coordinates": [103.86407606452251, 22.330141367732157]}, "properties": {"km": 3.0, "score": "none", "cell_count": 0, "operators": [], "nearest_m": null}}, {"type": "Feature", "geometry": {"type": "Point", "coordinates": [103.86563001536021, 22.328588421861063]}, "properties": {"km": 3.25, "score": "none", "cell_count": 0, "operators": [], "nearest_m": null}}, {"type": "Feature", "geometry": {"type": "Point", "coordinates": [103.86792886060287, 22.328104683638276]}, "properties": {"km": 3.5, "score": "none", "cell_count": 0, "operators": [], "nearest_m": null}}, {"type": "Feature", "geometry": {"type": "Point", "coordinates": [103.86987547966748, 22.327053502904644]}, "properties": {"km": 3.75, "score": "none", "cell_count": 0, "operators": [], "nearest_m": null}}, {"type": "Feature", "geometry": {"type": "Point", "coordinates": [103.87193456154483, 22.326145119578683]}, "properties": {"km": 4.0, "score": "none", "cell_count": 0, "operators": [], "nearest_m": null}}, {"type": "Feature", "geometry": {"type": "Point", "coordinates": [103.87365335098032, 22.32712704488014]}, "properties": {"km": 4.25, "score": "none", "cell_count": 0, "operators": [], "nearest_m": null}}, {"type": "Feature", "geometry": {"type": "Point", "coordinates": [103.87563194436444, 22.326598157970533]}, "properties": {"km": 4.5, "score": "none", "cell_count": 0, "operators": [], "nearest_m": null}}, {"type": "Feature", "geometry": {"type": "Point", "coordinates": [103.87721941235102, 22.324931811154933]}, "properties": {"km": 4.75, "score": "none", "cell_count": 0, "operators": [], "nearest_m": null}}, {"type": "Feature", "geometry": {"type": "Point", "coordinates": [103.87876431280743, 22.323357295012745]}, "properties": {"km": 5.0, "score": "none", "cell_count": 0, "operators": [], "nearest_m": null}}, {"type": "Feature", "geometry": {"type": "Point", "coordinates": [103.88077783600198, 22.323174810933203]}, "properties": {"km": 5.25, "score": "none", "cell_count": 0, "operators": [], "nearest_m": null}}, {"type": "Feature", "geometry": {"type": "Point", "coordinates": [103.88299413736202, 22.323249051923295]}, "properties": {"km": 5.5, "score": "none", "cell_count": 0, "operators": [], "nearest_m": null}}, {"type": "Feature", "geometry": {"type": "Point", "coordinates": [103.88225117350251, 22.32500670979642]}, "properties": {"km": 5.75, "score": "none", "cell_count": 0, "operators": [], "nearest_m": null}}, {"type": "Feature", "geometry": {"type": "Point", "coordinates": [103.88410044257547, 22.32550349540093]}, "properties": {"km": 6.0, "score": "none", "cell_count": 0, "operators": [], "nearest_m": null}}, {"type": "Feature", "geometry": {"type": "Point", "coordinates": [103.88402497925173, 22.326665032604424]}, "properties": {"km": 6.25, "score": "none", "cell_count": 0, "operators": [], "nearest_m": null}}, {"type": "Feature", "geometry": {"type": "Point", "coordinates": [103.88438580637181, 22.328474354985012]}, "properties": {"km": 6.5, "score": "none", "cell_count": 0, "operators": [], "nearest_m": null}}, {"type": "Feature", "geometry": {"type": "Point", "coordinates": [103.88485655202793, 22.330484085605054]}, "properties": {"km": 6.75, "score": "none", "cell_count": 0, "operators": [], "nearest_m": null}}, {"type": "Feature", "geometry": {"type": "Point", "coordinates": [103.8860583891506, 22.332300877373218]}, "properties": {"km": 7.0, "score": "none", "cell_count": 0, "operators": [], "nearest_m": null}}, {"type": "Feature", "geometry": {"type": "Point", "coordinates": [103.88546532654932, 22.33445291767489]}, "properties": {"km": 7.25, "score": "none", "cell_count": 0, "operators": [], "nearest_m": null}}, {"type": "Feature", "geometry": {"type": "Point", "coordinates": [103.88491574257247, 22.336045297011005]}, "properties": {"km": 7.5, "score": "none", "cell_count": 0, "operators": [], "nearest_m": null}}, {"type": "Feature", "geometry": {"type": "Point", "coordinates": [103.88515608811328, 22.33813562094147]}, "properties": {"km": 7.75, "score": "none", "cell_count": 0, "operators": [], "nearest_m": null}}, {"type": "Feature", "geometry": {"type": "Point", "coordinates": [103.88604212074621, 22.340212869373826]}, "properties": {"km": 8.0, "score": "none", "cell_count": 0, "operators": [], "nearest_m": null}}, {"type": "Feature", "geometry": {"type": "Point", "coordinates": [103.88637972264844, 22.342384714976607]}, "properties": {"km": 8.25, "score": "none", "cell_count": 0, "operators": [], "nearest_m": null}}, {"type": "Feature", "geometry": {"type": "Point", "coordinates": [103.88588566953105, 22.344170527792777]}, "properties": {"km": 8.5, "score": "none", "cell_count": 0, "operators": [], "nearest_m": null}}, {"type": "Feature", "geometry": {"type": "Point", "coordinates": [103.88559943426316, 22.34613138114033]}, "properties": {"km": 8.75, "score": "none", "cell_count": 0, "operators": [], "nearest_m": null}}, {"type": "Feature", "geometry": {"type": "Point", "coordinates": [103.88654266078353, 22.348081248428933]}, "properties": {"km": 9.0, "score": "none", "cell_count": 0, "operators": [], "nearest_m": null}}, {"type": "Feature", "geometry": {"type": "Point", "coordinates": [103.88657147606038, 22.350237047879233]}, "properties": {"km": 9.25, "score": "none", "cell_count": 0, "operators": [], "nearest_m": null}}, {"type": "Feature", "geometry": {"type": "Point", "coordinates": [103.88733515383034, 22.352244553789202]}, "properties": {"km": 9.5, "score": "none", "cell_count": 0, "operators": [], "nearest_m": null}}, {"type": "Feature", "geometry": {"type": "Point", "coordinates": [103.88757445717953, 22.354187043141344]}, "properties": {"km": 9.75, "score": "none", "cell_count": 0, "operators": [], "nearest_m": null}}, {"type": "Feature", "geometry": {"type": "Point", "coordinates": [103.88875231720998, 22.35307735658347]}, "properties": {"km": 10.0, "score": "none", "cell_count": 0, "operators": [], "nearest_m": null}}, {"type": "Feature", "geometry": {"type": "Point", "coordinates": [103.88857872704283, 22.351145901677995]}, "properties": {"km": 10.25, "score": "none", "cell_count": 0, "operators": [], "nearest_m": null}}, {"type": "Feature", "geometry": {"type": "Point", "coordinates": [103.89052194498633, 22.351534722980865]}, "properties": {"km": 10.5, "score": "none", "cell_count": 0, "operators": [], "nearest_m": null}}, {"type": "Feature", "geometry": {"type": "Point", "coordinates": [103.89204516336858, 22.35245018467752]}, "properties": {"km": 10.75, "score": "none", "cell_count": 0, "operators": [], "nearest_m": null}}, {"type": "Feature", "geometry": {"type": "Point", "coordinates": [103.89344455933875, 22.354113174403395]}, "properties": {"km": 11.0, "score": "none", "cell_count": 0, "operators": [], "nearest_m": null}}, {"type": "Feature", "geometry": {"type": "Point", "coordinates": [103.89356312611824, 22.35597778175372]}, "properties": {"km": 11.25, "score": "none", "cell_count": 0, "operators": [], "nearest_m": null}}, {"type": "Feature", "geometry": {"type": "Point", "coordinates": [103.89364933198428, 22.35808245472029]}, "properties": {"km": 11.5, "score": "none", "cell_count": 0, "operators": [], "nearest_m": null}}, {"type": "Feature", "geometry": {"type": "Point", "coordinates": [103.89560522643934, 22.358598996750256]}, "properties": {"km": 11.75, "score": "none", "cell_count": 0, "operators": [], "nearest_m": null}}, {"type": "Feature", "geometry": {"type": "Point", "coordinates": [103.89775771481436, 22.357697958994873]}, "properties": {"km": 12.0, "score": "none", "cell_count": 0, "operators": [], "nearest_m": null}}, {"type": "Feature", "geometry": {"type": "Point", "coordinates": [103.8997967588127, 22.35720779313545]}, "properties": {"km": 12.25, "score": "none", "cell_count": 0, "operators": [], "nearest_m": null}}, {"type": "Feature", "geometry": {"type": "Point", "coordinates": [103.90103892206159, 22.357706526892333]}, "properties": {"km": 12.5, "score": "none", "cell_count": 0, "operators": [], "nearest_m": null}}, {"type": "Feature", "geometry": {"type": "Point", "coordinates": [103.9032016352298, 22.358017440733875]}, "properties": {"km": 12.75, "score": "none", "cell_count": 0, "operators": [], "nearest_m": null}}, {"type": "Feature", "geometry": {"type": "Point", "coordinates": [103.90377687887742, 22.36003496898061]}, "properties": {"km": 13.0, "score": "none", "cell_count": 0, "operators": [], "nearest_m": null}}, {"type": "Feature", "geometry": {"type": "Point", "coordinates": [103.90545488234253, 22.360985139213255]}, "properties": {"km": 13.25, "score": "none", "cell_count": 0, "operators": [], "nearest_m": null}}, {"type": "Feature", "geometry": {"type": "Point", "coordinates": [103.9071932398116, 22.361874554046164]}, "properties": {"km": 13.5, "score": "none", "cell_count": 0, "operators": [], "nearest_m": null}}, {"type": "Feature", "geometry": {"type": "Point", "coordinates": [103.90673970520565, 22.36001411638389]}, "properties": {"km": 13.75, "score": "none", "cell_count": 0, "operators": [], "nearest_m": null}}, {"type": "Feature", "geometry": {"type": "Point", "coordinates": [103.90568060637578, 22.358069294295053]}, "properties": {"km": 14.0, "score": "none", "cell_count": 0, "operators": [], "nearest_m": null}}, {"type": "Feature", "geometry": {"type": "Point", "coordinates": [103.90523586286453, 22.35593484588409]}, "properties": {"km": 14.25, "score": "none", "cell_count": 0, "operators": [], "nearest_m": null}}, {"type": "Feature", "geometry": {"type": "Point", "coordinates": [103.90460745468084, 22.353919782468033]}, "properties": {"km": 14.5, "score": "none", "cell_count": 0, "operators": [], "nearest_m": null}}, {"type": "Feature", "geometry": {"type": "Point", "coordinates": [103.90255364956396, 22.35315435347799]}, "properties": {"km": 14.75, "score": "none", "cell_count": 0, "operators": [], "nearest_m": null}}, {"type": "Feature", "geometry": {"type": "Point", "coordinates": [103.90061771852295, 22.352350505447927]}, "properties": {"km": 15.0, "score": "none", "cell_count": 0, "operators": [], "nearest_m": null}}, {"type": "Feature", "geometry": {"type": "Point", "coordinates": [103.89981364747146, 22.351635919504496]}, "properties": {"km": 15.25, "score": "none", "cell_count": 0, "operators": [], "nearest_m": null}}, {"type": "Feature", "geometry": {"type": "Point", "coordinates": [103.89882816212702, 22.34996491115423]}, "properties": {"km": 15.5, "score": "none", "cell_count": 0, "operators": [], "nearest_m": null}}, {"type": "Feature", "geometry": {"type": "Point", "coordinates": [103.89782136003844, 22.347965840043933]}, "properties": {"km": 15.75, "score": "none", "cell_count": 0, "operators": [], "nearest_m": null}}, {"type": "Feature", "geometry": {"type": "Point", "coordinates": [103.89732550457921, 22.345930045900346]}, "properties": {"km": 16.0, "score": "none", "cell_count": 0, "operators": [], "nearest_m": null}}, {"type": "Feature", "geometry": {"type": "Point", "coordinates": [103.8978377907376, 22.3439221946826]}, "properties": {"km": 16.25, "score": "none", "cell_count": 0, "operators": [], "nearest_m": null}}, {"type": "Feature", "geometry": {"type": "Point", "coordinates": [103.89788725339227, 22.341733004523025]}, "properties": {"km": 16.5, "score": "none", "cell_count": 0, "operators": [], "nearest_m": null}}, {"type": "Feature", "geometry": {"type": "Point", "coordinates": [103.8976221533861, 22.339589364807992]}, "properties": {"km": 16.75, "score": "none", "cell_count": 0, "operators": [], "nearest_m": null}}, {"type": "Feature", "geometry": {"type": "Point", "coordinates": [103.89812356894801, 22.337446234057676]}, "properties": {"km": 17.0, "score": "none", "cell_count": 0, "operators": [], "nearest_m": null}}, {"type": "Feature", "geometry": {"type": "Point", "coordinates": [103.89891157392442, 22.335357530465103]}, "properties": {"km": 17.25, "score": "none", "cell_count": 0, "operators": [], "nearest_m": null}}, {"type": "Feature", "geometry": {"type": "Point", "coordinates": [103.89778497226644, 22.333558808769705]}, "properties": {"km": 17.5, "score": "none", "cell_count": 0, "operators": [], "nearest_m": null}}, {"type": "Feature", "geometry": {"type": "Point", "coordinates": [103.89687857921307, 22.331612271587648]}, "properties": {"km": 17.75, "score": "none", "cell_count": 0, "operators": [], "nearest_m": null}}, {"type": "Feature", "geometry": {"type": "Point", "coordinates": [103.89612535544174, 22.32961781971841]}, "properties": {"km": 18.0, "score": "none", "cell_count": 0, "operators": [], "nearest_m": null}}, {"type": "Feature", "geometry": {"type": "Point", "coordinates": [103.89766926781304, 22.328335009832678]}, "properties": {"km": 18.25, "score": "none", "cell_count": 0, "operators": [], "nearest_m": null}}, {"type": "Feature", "geometry": {"type": "Point", "coordinates": [103.8994214752202, 22.326943449865972]}, "properties": {"km": 18.5, "score": "none", "cell_count": 0, "operators": [], "nearest_m": null}}, {"type": "Feature", "geometry": {"type": "Point", "coordinates": [103.90088128831236, 22.325189893217647]}, "properties": {"km": 18.75, "score": "none", "cell_count": 0, "operators": [], "nearest_m": null}}, {"type": "Feature", "geometry": {"type": "Point", "coordinates": [103.90277816809069, 22.323886933682047]}, "properties": {"km": 19.0, "score": "none", "cell_count": 0, "operators": [], "nearest_m": null}}, {"type": "Feature", "geometry": {"type": "Point", "coordinates": [103.90443079243124, 22.322403307474286]}, "properties": {"km": 19.25, "score": "none", "cell_count": 0, "operators": [], "nearest_m": null}}, {"type": "Feature", "geometry": {"type": "Point", "coordinates": [103.90647163387472, 22.321367406372023]}, "properties": {"km": 19.5, "score": "none", "cell_count": 0, "operators": [], "nearest_m": null}}, {"type": "Feature", "geometry": {"type": "Point", "coordinates": [103.90880963844846, 22.321055171794388]}, "properties": {"km": 19.75, "score": "none", "cell_count": 0, "operators": [], "nearest_m": null}}, {"type": "Feature", "geometry": {"type": "Point", "coordinates": [103.91022506925711, 22.32236506925711]}, "properties": {"km": 20.0, "score": "none", "cell_count": 0, "operators": [], "nearest_m": null}}, {"type": "Feature", "geometry": {"type": "Point", "coordinates": [103.9118053921541, 22.323119745823433]}, "properties": {"km": 20.25, "score": "none", "cell_count": 0, "operators": [], "nearest_m": null}}, {"type": "Feature", "geometry": {"type": "Point", "coordinates": [103.91361974691566, 22.323521171307146]}, "properties": {"km": 20.5, "score": "none", "cell_count": 0, "operators": [], "nearest_m": null}}, {"type": "Feature", "geometry": {"type": "Point", "coordinates": [103.91570007441685, 22.32410996725659]}, "properties": {"km": 20.75, "score": "none", "cell_count": 0, "operators": [], "nearest_m": null}}, {"type": "Feature", "geometry": {"type": "Point", "coordinates": [103.91755031149971, 22.322744035727748]}, "properties": {"km": 21.0, "score": "none", "cell_count": 0, "operators": [], "nearest_m": null}}, {"type": "Feature", "geometry": {"type": "Point", "coordinates": [103.91868023891062, 22.320812273034896]}, "properties": {"km": 21.25, "score": "none", "cell_count": 0, "operators": [], "nearest_m": null}}, {"type": "Feature", "geometry": {"type": "Point", "coordinates": [103.91912009430818, 22.3190016414956]}, "properties": {"km": 21.5, "score": "none", "cell_count": 0, "operators": [], "nearest_m": null}}, {"type": "Feature", "geometry": {"type": "Point", "coordinates": [103.91768817761869, 22.317257950975886]}, "properties": {"km": 21.75, "score": "none", "cell_count": 0, "operators": [], "nearest_m": null}}, {"type": "Feature", "geometry": {"type": "Point", "coordinates": [103.91633951792262, 22.315853067413475]}, "properties": {"km": 22.0, "score": "none", "cell_count": 0, "operators": [], "nearest_m": null}}, {"type": "Feature", "geometry": {"type": "Point", "coordinates": [103.91674102643631, 22.31421443713571]}, "properties": {"km": 22.25, "score": "none", "cell_count": 0, "operators": [], "nearest_m": null}}, {"type": "Feature", "geometry": {"type": "Point", "coordinates": [103.91834445045154, 22.312596511055766]}, "properties": {"km": 22.5, "score": "none", "cell_count": 0, "operators": [], "nearest_m": null}}, {"type": "Feature", "geometry": {"type": "Point", "coordinates": [103.92011667621362, 22.31130439770873]}, "properties": {"km": 22.75, "score": "none", "cell_count": 0, "operators": [], "nearest_m": null}}, {"type": "Feature", "geometry": {"type": "Point", "coordinates": [103.92241632504121, 22.311687190823715]}, "properties": {"km": 23.0, "score": "none", "cell_count": 0, "operators": [], "nearest_m": null}}, {"type": "Feature", "geometry": {"type": "Point", "coordinates": [103.92477364620206, 22.311436364620207]}, "properties": {"km": 23.25, "score": "none", "cell_count": 0, "operators": [], "nearest_m": null}}, {"type": "Feature", "geometry": {"type": "Point", "coordinates": [103.92712753967068, 22.31106510026]}, "properties": {"km": 23.5, "score": "none", "cell_count": 0, "operators": [], "nearest_m": null}}, {"type": "Feature", "geometry": {"type": "Point", "coordinates": [103.92913232473201, 22.310178140214397]}, "properties": {"km": 23.75, "score": "none", "cell_count": 0, "operators": [], "nearest_m": null}}, {"type": "Feature", "geometry": {"type": "Point", "coordinates": [103.93034926570321, 22.30845657328167]}, "properties": {"km": 24.0, "score": "none", "cell_count": 0, "operators": [], "nearest_m": null}}, {"type": "Feature", "geometry": {"type": "Point", "coordinates": [103.93084509986633, 22.306467963928004]}, "properties": {"km": 24.25, "score": "none", "cell_count": 0, "operators": [], "nearest_m": null}}, {"type": "Feature", "geometry": {"type": "Point", "coordinates": [103.93222956502773, 22.30478847759702]}, "properties": {"km": 24.5, "score": "none", "cell_count": 0, "operators": [], "nearest_m": null}}, {"type": "Feature", "geometry": {"type": "Point", "coordinates": [103.93283803935293, 22.303421627547046]}, "properties": {"km": 24.75, "score": "none", "cell_count": 0, "operators": [], "nearest_m": null}}, {"type": "Feature", "geometry": {"type": "Point", "coordinates": [103.93355443691671, 22.30144007421565]}, "properties": {"km": 25.0, "score": "none", "cell_count": 0, "operators": [], "nearest_m": null}}, {"type": "Feature", "geometry": {"type": "Point", "coordinates": [103.93528638334162, 22.29991241110559]}, "properties": {"km": 25.25, "score": "none", "cell_count": 0, "operators": [], "nearest_m": null}}, {"type": "Feature", "geometry": {"type": "Point", "coordinates": [103.93623400682522, 22.297935638627663]}, "properties": {"km": 25.5, "score": "none", "cell_count": 0, "operators": [], "nearest_m": null}}, {"type": "Feature", "geometry": {"type": "Point", "coordinates": [103.93760856063494, 22.296116782255602]}, "properties": {"km": 25.75, "score": "none", "cell_count": 0, "operators": [], "nearest_m": null}}, {"type": "Feature", "geometry": {"type": "Point", "coordinates": [103.93942167005468, 22.29515919387626]}, "properties": {"km": 26.0, "score": "none", "cell_count": 0, "operators": [], "nearest_m": null}}, {"type": "Feature", "geometry": {"type": "Point", "coordinates": [103.94120891213451, 22.29380288902116]}, "properties": {"km": 26.25, "score": "none", "cell_count": 0, "operators": [], "nearest_m": null}}, {"type": "Feature", "geometry": {"type": "Point", "coordinates": [103.94298483509925, 22.293049868079407]}, "properties": {"km": 26.5, "score": "none", "cell_count": 0, "operators": [], "nearest_m": null}}, {"type": "Feature", "geometry": {"type": "Point", "coordinates": [103.94475233157455, 22.29250425056532]}, "properties": {"km": 26.75, "score": "none", "cell_count": 0, "operators": [], "nearest_m": null}}, {"type": "Feature", "geometry": {"type": "Point", "coordinates": [103.94521650330228, 22.290866147027945]}, "properties": {"km": 27.0, "score": "none", "cell_count": 0, "operators": [], "nearest_m": null}}, {"type": "Feature", "geometry": {"type": "Point", "coordinates": [103.9441754338031, 22.289222716901545]}, "properties": {"km": 27.25, "score": "none", "cell_count": 0, "operators": [], "nearest_m": null}}, {"type": "Feature", "geometry": {"type": "Point", "coordinates": [103.94203059140541, 22.289904985971795]}, "properties": {"km": 27.5, "score": "none", "cell_count": 0, "operators": [], "nearest_m": null}}, {"type": "Feature", "geometry": {"type": "Point", "coordinates": [103.93967292210638, 22.29028253246972]}, "properties": {"km": 27.75, "score": "none", "cell_count": 0, "operators": [], "nearest_m": null}}, {"type": "Feature", "geometry": {"type": "Point", "coordinates": [103.93741567639105, 22.290817868889384]}, "properties": {"km": 28.0, "score": "none", "cell_count": 0, "operators": [], "nearest_m": null}}, {"type": "Feature", "geometry": {"type": "Point", "coordinates": [103.9351562784827, 22.291350642024845]}, "properties": {"km": 28.25, "score": "none", "cell_count": 0, "operators": [], "nearest_m": null}}, {"type": "Feature", "geometry": {"type": "Point", "coordinates": [103.93293510384201, 22.29218399936564]}, "properties": {"km": 28.5, "score": "none", "cell_count": 0, "operators": [], "nearest_m": null}}, {"type": "Feature", "geometry": {"type": "Point", "coordinates": [103.9315, 22.293850730590346]}, "properties": {"km": 28.75, "score": "none", "cell_count": 0, "operators": [], "nearest_m": null}}, {"type": "Feature", "geometry": {"type": "Point", "coordinates": [103.93011150860998, 22.295526554917778]}, "properties": {"km": 29.0, "score": "none", "cell_count": 0, "operators": [], "nearest_m": null}}, {"type": "Feature", "geometry": {"type": "Point", "coordinates": [103.92806899029141, 22.294829633495016]}, "properties": {"km": 29.25, "score": "none", "cell_count": 0, "operators": [], "nearest_m": null}}, {"type": "Feature", "geometry": {"type": "Point", "coordinates": [103.92712211403185, 22.29415602077203]}, "properties": {"km": 29.5, "score": "none", "cell_count": 0, "operators": [], "nearest_m": null}}, {"type": "Feature", "geometry": {"type": "Point", "coordinates": [103.927359070607, 22.292453420087885]}, "properties": {"km": 29.75, "score": "none", "cell_count": 0, "operators": [], "nearest_m": null}}, {"type": "Feature", "geometry": {"type": "Point", "coordinates": [103.92852685007288, 22.290742021348738]}, "properties": {"km": 30.0, "score": "none", "cell_count": 0, "operators": [], "nearest_m": null}}, {"type": "Feature", "geometry": {"type": "Point", "coordinates": [103.93067002828401, 22.289780310719607]}, "properties": {"km": 30.25, "score": "none", "cell_count": 0, "operators": [], "nearest_m": null}}, {"type": "Feature", "geometry": {"type": "Point", "coordinates": [103.93178347073818, 22.28796095080544]}, "properties": {"km": 30.5, "score": "none", "cell_count": 0, "operators": [], "nearest_m": null}}, {"type": "Feature", "geometry": {"type": "Point", "coordinates": [103.93356594328084, 22.28670697463253]}, "properties": {"km": 30.75, "score": "none", "cell_count": 0, "operators": [], "nearest_m": null}}, {"type": "Feature", "geometry": {"type": "Point", "coordinates": [103.93441781923993, 22.28545]}, "properties": {"km": 31.0, "score": "none", "cell_count": 0, "operators": [], "nearest_m": null}}, {"type": "Feature", "geometry": {"type": "Point", "coordinates": [103.93636011573106, 22.284399927668087]}, "properties": {"km": 31.25, "score": "none", "cell_count": 0, "operators": [], "nearest_m": null}}, {"type": "Feature", "geometry": {"type": "Point", "coordinates": [103.93805755652767, 22.282960897738892]}, "properties": {"km": 31.5, "score": "none", "cell_count": 0, "operators": [], "nearest_m": null}}, {"type": "Feature", "geometry": {"type": "Point", "coordinates": [103.94035827310462, 22.28254786611322]}, "properties": {"km": 31.75, "score": "none", "cell_count": 0, "operators": [], "nearest_m": null}}, {"type": "Feature", "geometry": {"type": "Point", "coordinates": [103.94182524299447, 22.28082644858725]}, "properties": {"km": 32.0, "score": "none", "cell_count": 0, "operators": [], "nearest_m": null}}, {"type": "Feature", "geometry": {"type": "Point", "coordinates": [103.94247832306837, 22.278668227237347]}, "properties": {"km": 32.25, "score": "none", "cell_count": 0, "operators": [], "nearest_m": null}}, {"type": "Feature", "geometry": {"type": "Point", "coordinates": [103.94436363358817, 22.27731436976331]}, "properties": {"km": 32.5, "score": "none", "cell_count": 0, "operators": [], "nearest_m": null}}, {"type": "Feature", "geometry": {"type": "Point", "coordinates": [103.94646522502747, 22.278147906063936]}, "properties": {"km": 32.75, "score": "none", "cell_count": 0, "operators": [], "nearest_m": null}}, {"type": "Feature", "geometry": {"type": "Point", "coordinates": [103.94859349587941, 22.277376862336673]}, "properties": {"km": 33.0, "score": "none", "cell_count": 0, "operators": [], "nearest_m": null}}, {"type": "Feature", "geometry": {"type": "Point", "coordinates": [103.9507591755716, 22.277639505342957]}, "properties": {"km": 33.25, "score": "none", "cell_count": 0, "operators": [], "nearest_m": null}}, {"type": "Feature", "geometry": {"type": "Point", "coordinates": [103.95291451368986, 22.278270547113923]}, "properties": {"km": 33.5, "score": "none", "cell_count": 0, "operators": [], "nearest_m": null}}, {"type": "Feature", "geometry": {"type": "Point", "coordinates": [103.9552829142506, 22.278512414278534]}, "properties": {"km": 33.75, "score": "none", "cell_count": 0, "operators": [], "nearest_m": null}}, {"type": "Feature", "geometry": {"type": "Point", "coordinates": [103.95755391176593, 22.27792981550806]}, "properties": {"km": 34.0, "score": "none", "cell_count": 0, "operators": [], "nearest_m": null}}, {"type": "Feature", "geometry": {"type": "Point", "coordinates": [103.95994812166911, 22.277904198888763]}, "properties": {"km": 34.25, "score": "none", "cell_count": 0, "operators": [], "nearest_m": null}}, {"type": "Feature", "geometry": {"type": "Point", "coordinates": [103.96232208220214, 22.277594640100098]}, "properties": {"km": 34.5, "score": "none", "cell_count": 0, "operators": [], "nearest_m": null}}, {"type": "Feature", "geometry": {"type": "Point", "coordinates": [103.9642357341062, 22.277652103158612]}, "properties": {"km": 34.75, "score": "none", "cell_count": 0, "operators": [], "nearest_m": null}}, {"type": "Feature", "geometry": {"type": "Point", "coordinates": [103.96432303494761, 22.279613825872477]}, "properties": {"km": 35.0, "score": "none", "cell_count": 0, "operators": [], "nearest_m": null}}, {"type": "Feature", "geometry": {"type": "Point", "coordinates": [103.96316150310246, 22.280857680131685]}, "properties": {"km": 35.25, "score": "none", "cell_count": 0, "operators": [], "nearest_m": null}}, {"type": "Feature", "geometry": {"type": "Point", "coordinates": [103.96129179681566, 22.282081204120917]}, "properties": {"km": 35.5, "score": "none", "cell_count": 0, "operators": [], "nearest_m": null}}, {"type": "Feature", "geometry": {"type": "Point", "coordinates": [103.96153567421783, 22.283676553735148]}, "properties": {"km": 35.75, "score": "none", "cell_count": 0, "operators": [], "nearest_m": null}}, {"type": "Feature", "geometry": {"type": "Point", "coordinates": [103.96106028344158, 22.285234669318157]}, "properties": {"km": 36.0, "score": "none", "cell_count": 0, "operators": [], "nearest_m": null}}, {"type": "Feature", "geometry": {"type": "Point", "coordinates": [103.95989664653263, 22.287088951051288]}, "properties": {"km": 36.25, "score": "none", "cell_count": 0, "operators": [], "nearest_m": null}}, {"type": "Feature", "geometry": {"type": "Point", "coordinates": [103.9595818198607, 22.289160318956565]}, "properties": {"km": 36.5, "score": "none", "cell_count": 0, "operators": [], "nearest_m": null}}, {"type": "Feature", "geometry": {"type": "Point", "coordinates": [103.95816501574153, 22.290834669428005]}, "properties": {"km": 36.75, "score": "none", "cell_count": 0, "operators": [], "nearest_m": null}}, {"type": "Feature", "geometry": {"type": "Point", "coordinates": [103.95825361617989, 22.29259606067461]}, "properties": {"km": 37.0, "score": "none", "cell_count": 0, "operators": [], "nearest_m": null}}, {"type": "Feature", "geometry": {"type": "Point", "coordinates": [103.96013242291194, 22.291850009344007]}, "properties": {"km": 37.25, "score": "none", "cell_count": 0, "operators": [], "nearest_m": null}}, {"type": "Feature", "geometry": {"type": "Point", "coordinates": [103.96240423407038, 22.291184694049548]}, "properties": {"km": 37.5, "score": "none", "cell_count": 0, "operators": [], "nearest_m": null}}, {"type": "Feature", "geometry": {"type": "Point", "coordinates": [103.9632238127954, 22.289354779028407]}, "properties": {"km": 37.75, "score": "none", "cell_count": 0, "operators": [], "nearest_m": null}}, {"type": "Feature", "geometry": {"type": "Point", "coordinates": [103.96456168690356, 22.287669079870785]}, "properties": {"km": 38.0, "score": "none", "cell_count": 0, "operators": [], "nearest_m": null}}, {"type": "Feature", "geometry": {"type": "Point", "coordinates": [103.96632598502929, 22.28639002495119]}, "properties": {"km": 38.25, "score": "none", "cell_count": 0, "operators": [], "nearest_m": null}}, {"type": "Feature", "geometry": {"type": "Point", "coordinates": [103.9678070662141, 22.284882816434454]}, "properties": {"km": 38.5, "score": "none", "cell_count": 0, "operators": [], "nearest_m": null}}, {"type": "Feature", "geometry": {"type": "Point", "coordinates": [103.96928259073958, 22.28329361775674]}, "properties": {"km": 38.75, "score": "none", "cell_count": 0, "operators": [], "nearest_m": null}}, {"type": "Feature", "geometry": {"type": "Point", "coordinates": [103.96992324585719, 22.281431671286494]}, "properties": {"km": 39.0, "score": "none", "cell_count": 0, "operators": [], "nearest_m": null}}, {"type": "Feature", "geometry": {"type": "Point", "coordinates": [103.97044820503618, 22.279617639295378]}, "properties": {"km": 39.25, "score": "none", "cell_count": 0, "operators": [], "nearest_m": null}}, {"type": "Feature", "geometry": {"type": "Point", "coordinates": [103.97141393417728, 22.278800710548484]}, "properties": {"km": 39.5, "score": "none", "cell_count": 0, "operators": [], "nearest_m": null}}, {"type": "Feature", "geometry": {"type": "Point", "coordinates": [103.97239340264103, 22.276883194717943]}, "properties": {"km": 39.75, "score": "none", "cell_count": 0, "operators": [], "nearest_m": null}}, {"type": "Feature", "geometry": {"type": "Point", "coordinates": [103.97191875084211, 22.27800361740166]}, "properties": {"km": 40.0, "score": "none", "cell_count": 0, "operators": [], "nearest_m": null}}, {"type": "Feature", "geometry": {"type": "Point", "coordinates": [103.96984099927951, 22.27828209267754]}, "properties": {"km": 40.25, "score": "none", "cell_count": 0, "operators": [], "nearest_m": null}}, {"type": "Feature", "geometry": {"type": "Point", "coordinates": [103.96776183370858, 22.278653512038776]}, "properties": {"km": 40.5, "score": "none", "cell_count": 0, "operators": [], "nearest_m": null}}, {"type": "Feature", "geometry": {"type": "Point", "coordinates": [103.96623806915724, 22.279839460327004]}, "properties": {"km": 40.75, "score": "none", "cell_count": 0, "operators": [], "nearest_m": null}}, {"type": "Feature", "geometry": {"type": "Point", "coordinates": [103.96455514954741, 22.28089178885035]}, "properties": {"km": 41.0, "score": "none", "cell_count": 0, "operators": [], "nearest_m": null}}, {"type": "Feature", "geometry": {"type": "Point", "coordinates": [103.96327591628058, 22.280614940376683]}, "properties": {"km": 41.25, "score": "none", "cell_count": 0, "operators": [], "nearest_m": null}}, {"type": "Feature", "geometry": {"type": "Point", "coordinates": [103.96439836504052, 22.279307501278048]}, "properties": {"km": 41.5, "score": "none", "cell_count": 0, "operators": [], "nearest_m": null}}, {"type": "Feature", "geometry": {"type": "Point", "coordinates": [103.96417250642698, 22.27746359530022]}, "properties": {"km": 41.75, "score": "none", "cell_count": 0, "operators": [], "nearest_m": null}}, {"type": "Feature", "geometry": {"type": "Point", "coordinates": [103.9643675020705, 22.279418628458064]}, "properties": {"km": 42.0, "score": "none", "cell_count": 0, "operators": [], "nearest_m": null}}, {"type": "Feature", "geometry": {"type": "Point", "coordinates": [103.96324025488758, 22.280670644641994]}, "properties": {"km": 42.25, "score": "none", "cell_count": 0, "operators": [], "nearest_m": null}}, {"type": "Feature", "geometry": {"type": "Point", "coordinates": [103.96141667983402, 22.281917083701984]}, "properties": {"km": 42.5, "score": "none", "cell_count": 0, "operators": [], "nearest_m": null}}, {"type": "Feature", "geometry": {"type": "Point", "coordinates": [103.9613479599324, 22.28358360904482]}, "properties": {"km": 42.75, "score": "none", "cell_count": 0, "operators": [], "nearest_m": null}}, {"type": "Feature", "geometry": {"type": "Point", "coordinates": [103.96119508652978, 22.285077399048586]}, "properties": {"km": 43.0, "score": "none", "cell_count": 0, "operators": [], "nearest_m": null}}, {"type": "Feature", "geometry": {"type": "Point", "coordinates": [103.9600538429519, 22.28695061820233]}, "properties": {"km": 43.25, "score": "none", "cell_count": 0, "operators": [], "nearest_m": null}}, {"type": "Feature", "geometry": {"type": "Point", "coordinates": [103.95969209652347, 22.289000261066636]}, "properties": {"km": 43.5, "score": "none", "cell_count": 0, "operators": [], "nearest_m": null}}, {"type": "Feature", "geometry": {"type": "Point", "coordinates": [103.95817456505623, 22.290634133819204]}, "properties": {"km": 43.75, "score": "none", "cell_count": 0, "operators": [], "nearest_m": null}}, {"type": "Feature", "geometry": {"type": "Point", "coordinates": [103.9581446668509, 22.29245708574587]}, "properties": {"km": 44.0, "score": "none", "cell_count": 0, "operators": [], "nearest_m": null}}, {"type": "Feature", "geometry": {"type": "Point", "coordinates": [103.95993527493421, 22.291923736147655]}, "properties": {"km": 44.25, "score": "none", "cell_count": 0, "operators": [], "nearest_m": null}}, {"type": "Feature", "geometry": {"type": "Point", "coordinates": [103.96219454563695, 22.29123293253955]}, "properties": {"km": 44.5, "score": "none", "cell_count": 0, "operators": [], "nearest_m": null}}, {"type": "Feature", "geometry": {"type": "Point", "coordinates": [103.96302427744648, 22.289396944681084]}, "properties": {"km": 44.75, "score": "none", "cell_count": 0, "operators": [], "nearest_m": null}}, {"type": "Feature", "geometry": {"type": "Point", "coordinates": [103.96442709943643, 22.28782635360419]}, "properties": {"km": 45.0, "score": "none", "cell_count": 0, "operators": [], "nearest_m": null}}, {"type": "Feature", "geometry": {"type": "Point", "coordinates": [103.9662206863884, 22.286565522686004]}, "properties": {"km": 45.25, "score": "none", "cell_count": 0, "operators": [], "nearest_m": null}}, {"type": "Feature", "geometry": {"type": "Point", "coordinates": [103.96765651939393, 22.285027341381838]}, "properties": {"km": 45.5, "score": "none", "cell_count": 0, "operators": [], "nearest_m": null}}, {"type": "Feature", "geometry": {"type": "Point", "coordinates": [103.96910481428345, 22.283408649581293]}, "properties": {"km": 45.75, "score": "none", "cell_count": 0, "operators": [], "nearest_m": null}}, {"type": "Feature", "geometry": {"type": "Point", "coordinates": [103.96993379809606, 22.28163216382524]}, "properties": {"km": 46.0, "score": "none", "cell_count": 0, "operators": [], "nearest_m": null}}, {"type": "Feature", "geometry": {"type": "Point", "coordinates": [103.97025452293711, 22.279707738531446]}, "properties": {"km": 46.25, "score": "none", "cell_count": 0, "operators": [], "nearest_m": null}}, {"type": "Feature", "geometry": {"type": "Point", "coordinates": [103.97120754296955, 22.27885948895069]}, "properties": {"km": 46.5, "score": "none", "cell_count": 0, "operators": [], "nearest_m": null}}, {"type": "Feature", "geometry": {"type": "Point", "coordinates": [103.97232484192675, 22.27707185359558]}, "properties": {"km": 46.75, "score": "none", "cell_count": 0, "operators": [], "nearest_m": null}}, {"type": "Feature", "geometry": {"type": "Point", "coordinates": [103.97199652380684, 22.277817038102228]}, "properties": {"km": 47.0, "score": "none", "cell_count": 0, "operators": [], "nearest_m": null}}, {"type": "Feature", "geometry": {"type": "Point", "coordinates": [103.96998957092991, 22.278138793666123]}, "properties": {"km": 47.25, "score": "none", "cell_count": 0, "operators": [], "nearest_m": null}}, {"type": "Feature", "geometry": {"type": "Point", "coordinates": [103.96796736013583, 22.278711435155632]}, "properties": {"km": 47.5, "score": "none", "cell_count": 0, "operators": [], "nearest_m": null}}, {"type": "Feature", "geometry": {"type": "Point", "coordinates": [103.9663121822295, 22.27965080887037]}, "properties": {"km": 47.75, "score": "none", "cell_count": 0, "operators": [], "nearest_m": null}}, {"type": "Feature", "geometry": {"type": "Point", "coordinates": [103.96474866336465, 22.280982498452182]}, "properties": {"km": 48.0, "score": "none", "cell_count": 0, "operators": [], "nearest_m": null}}, {"type": "Feature", "geometry": {"type": "Point", "coordinates": [103.96319862321081, 22.280802493907185]}, "properties": {"km": 48.25, "score": "none", "cell_count": 0, "operators": [], "nearest_m": null}}, {"type": "Feature", "geometry": {"type": "Point", "coordinates": [103.96436158399594, 22.27950385586213]}, "properties": {"km": 48.5, "score": "none", "cell_count": 0, "operators": [], "nearest_m": null}}, {"type": "Feature", "geometry": {"type": "Point", "coordinates": [103.96419557287133, 22.27747765615285]}, "properties": {"km": 48.75, "score": "none", "cell_count": 0, "operators": [], "nearest_m": null}}, {"type": "Feature", "geometry": {"type": "Point", "coordinates": [103.96455515681266, 22.278929686374667]}, "properties": {"km": 49.0, "score": "none", "cell_count": 0, "operators": [], "nearest_m": null}}, {"type": "Feature", "geometry": {"type": "Point", "coordinates": [103.96338824151083, 22.28017099055734]}, "properties": {"km": 49.25, "score": "none", "cell_count": 0, "operators": [], "nearest_m": null}}, {"type": "Feature", "geometry": {"type": "Point", "coordinates": [103.96176267531962, 22.281507324680376]}, "properties": {"km": 49.5, "score": "none", "cell_count": 0, "operators": [], "nearest_m": null}}, {"type": "Feature", "geometry": {"type": "Point", "coordinates": [103.9610383517986, 22.283159292086417]}, "properties": {"km": 49.75, "score": "none", "cell_count": 0, "operators": [], "nearest_m": null}}, {"type": "Feature", "geometry": {"type": "Point", "coordinates": [103.96157108560969, 22.284690697268378]}, "properties": {"km": 50.0, "score": "none", "cell_count": 0, "operators": [], "nearest_m": null}}, {"type": "Feature", "geometry": {"type": "Point", "coordinates": [103.96014903063082, 22.286453520723803]}, "properties": {"km": 50.25, "score": "none", "cell_count": 0, "operators": [], "nearest_m": null}}, {"type": "Feature", "geometry": {"type": "Point", "coordinates": [103.95976189373097, 22.288499597738443]}, "properties": {"km": 50.5, "score": "none", "cell_count": 0, "operators": [], "nearest_m": null}}, {"type": "Feature", "geometry": {"type": "Point", "coordinates": [103.95844556455562, 22.29019542109868]}, "properties": {"km": 50.75, "score": "none", "cell_count": 0, "operators": [], "nearest_m": null}}, {"type": "Feature", "geometry": {"type": "Point", "coordinates": [103.95769345556471, 22.292204031492165]}, "properties": {"km": 51.0, "score": "none", "cell_count": 0, "operators": [], "nearest_m": null}}, {"type": "Feature", "geometry": {"type": "Point", "coordinates": [103.95949077654679, 22.292241378762565]}, "properties": {"km": 51.25, "score": "none", "cell_count": 0, "operators": [], "nearest_m": null}}, {"type": "Feature", "geometry": {"type": "Point", "coordinates": [103.96164904819123, 22.291342654319912]}, "properties": {"km": 51.5, "score": "none", "cell_count": 0, "operators": [], "nearest_m": null}}, {"type": "Feature", "geometry": {"type": "Point", "coordinates": [103.96295447701507, 22.289845669552744]}, "properties": {"km": 51.75, "score": "none", "cell_count": 0, "operators": [], "nearest_m": null}}, {"type": "Feature", "geometry": {"type": "Point", "coordinates": [103.96436580003994, 22.28838000602309]}, "properties": {"km": 52.0, "score": "none", "cell_count": 0, "operators": [], "nearest_m": null}}, {"type": "Feature", "geometry": {"type": "Point", "coordinates": [103.96657484934511, 22.287757838570236]}, "properties": {"km": 52.25, "score": "none", "cell_count": 0, "operators": [], "nearest_m": null}}, {"type": "Feature", "geometry": {"type": "Point", "coordinates": [103.9686799502274, 22.287075180995277]}, "properties": {"km": 52.5, "score": "none", "cell_count": 0, "operators": [], "nearest_m": null}}, {"type": "Feature", "geometry": {"type": "Point", "coordinates": [103.97064024826858, 22.286931339489513]}, "properties": {"km": 52.75, "score": "none", "cell_count": 0, "operators": [], "nearest_m": null}}, {"type": "Feature", "geometry": {"type": "Point", "coordinates": [103.96920965781246, 22.288679944411104]}, "properties": {"km": 53.0, "score": "none", "cell_count": 0, "operators": [], "nearest_m": null}}, {"type": "Feature", "geometry": {"type": "Point", "coordinates": [103.96779614542238, 22.290392798938697]}, "properties": {"km": 53.25, "score": "none", "cell_count": 0, "operators": [], "nearest_m": null}}, {"type": "Feature", "geometry": {"type": "Point", "coordinates": [103.96730895538514, 22.292417163966924]}, "properties": {"km": 53.5, "score": "none", "cell_count": 0, "operators": [], "nearest_m": null}}, {"type": "Feature", "geometry": {"type": "Point", "coordinates": [103.9672628056924, 22.29301398965017]}, "properties": {"km": 53.75, "score": "none", "cell_count": 0, "operators": [], "nearest_m": null}}, {"type": "Feature", "geometry": {"type": "Point", "coordinates": [103.9686080548184, 22.292537502843274]}, "properties": {"km": 54.0, "score": "none", "cell_count": 0, "operators": [], "nearest_m": null}}, {"type": "Feature", "geometry": {"type": "Point", "coordinates": [103.96938852912851, 22.29308589510372]}, "properties": {"km": 54.25, "score": "none", "cell_count": 0, "operators": [], "nearest_m": null}}, {"type": "Feature", "geometry": {"type": "Point", "coordinates": [103.9705258014649, 22.292299363980998]}, "properties": {"km": 54.5, "score": "none", "cell_count": 0, "operators": [], "nearest_m": null}}, {"type": "Feature", "geometry": {"type": "Point", "coordinates": [103.97106014997259, 22.291947912424586]}, "properties": {"km": 54.75, "score": "none", "cell_count": 0, "operators": [], "nearest_m": null}}, {"type": "Feature", "geometry": {"type": "Point", "coordinates": [103.97205, 22.293726157429624]}, "properties": {"km": 55.0, "score": "none", "cell_count": 0, "operators": [], "nearest_m": null}}, {"type": "Feature", "geometry": {"type": "Point", "coordinates": [103.97282549732502, 22.294815239452788]}, "properties": {"km": 55.25, "score": "none", "cell_count": 0, "operators": [], "nearest_m": null}}, {"type": "Feature", "geometry": {"type": "Point", "coordinates": [103.97347963195527, 22.29639481597763]}, "properties": {"km": 55.5, "score": "none", "cell_count": 0, "operators": [], "nearest_m": null}}, {"type": "Feature", "geometry": {"type": "Point", "coordinates": [103.97497101832634, 22.29467]}, "properties": {"km": 55.75, "score": "none", "cell_count": 0, "operators": [], "nearest_m": null}}, {"type": "Feature", "geometry": {"type": "Point", "coordinates": [103.97608642790244, 22.293512429775593]}, "properties": {"km": 56.0, "score": "none", "cell_count": 0, "operators": [], "nearest_m": null}}, {"type": "Feature", "geometry": {"type": "Point", "coordinates": [103.97788842945961, 22.292060810601487]}, "properties": {"km": 56.25, "score": "none", "cell_count": 0, "operators": [], "nearest_m": null}}, {"type": "Feature", "geometry": {"type": "Point", "coordinates": [103.97935543262159, 22.290446614659952]}, "properties": {"km": 56.5, "score": "none", "cell_count": 0, "operators": [], "nearest_m": null}}, {"type": "Feature", "geometry": {"type": "Point", "coordinates": [103.9813355589437, 22.289630807464782]}, "properties": {"km": 56.75, "score": "none", "cell_count": 0, "operators": [], "nearest_m": null}}, {"type": "Feature", "geometry": {"type": "Point", "coordinates": [103.98291465007003, 22.288599981639926]}, "properties": {"km": 57.0, "score": "none", "cell_count": 0, "operators": [], "nearest_m": null}}, {"type": "Feature", "geometry": {"type": "Point", "coordinates": [103.98432580558107, 22.286825613860838]}, "properties": {"km": 57.25, "score": "none", "cell_count": 0, "operators": [], "nearest_m": null}}, {"type": "Feature", "geometry": {"type": "Point", "coordinates": [103.98572853330494, 22.285011629661184]}, "properties": {"km": 57.5, "score": "none", "cell_count": 0, "operators": [], "nearest_m": null}}, {"type": "Feature", "geometry": {"type": "Point", "coordinates": [103.98778497819845, 22.28479944649637]}, "properties": {"km": 57.75, "score": "none", "cell_count": 0, "operators": [], "nearest_m": null}}, {"type": "Feature", "geometry": {"type": "Point", "coordinates": [103.98977055447375, 22.286052879376307]}, "properties": {"km": 58.0, "score": "none", "cell_count": 0, "operators": [], "nearest_m": null}}, {"type": "Feature", "geometry": {"type": "Point", "coordinates": [103.98971498236556, 22.28806232804549]}, "properties": {"km": 58.25, "score": "none", "cell_count": 0, "operators": [], "nearest_m": null}}, {"type": "Feature", "geometry": {"type": "Point", "coordinates": [103.99022558855538, 22.29006919141653]}, "properties": {"km": 58.5, "score": "none", "cell_count": 0, "operators": [], "nearest_m": null}}, {"type": "Feature", "geometry": {"type": "Point", "coordinates": [103.99250791334681, 22.290426899900417]}, "properties": {"km": 58.75, "score": "none", "cell_count": 0, "operators": [], "nearest_m": null}}, {"type": "Feature", "geometry": {"type": "Point", "coordinates": [103.99481432453068, 22.290887881436475]}, "properties": {"km": 59.0, "score": "none", "cell_count": 0, "operators": [], "nearest_m": null}}, {"type": "Feature", "geometry": {"type": "Point", "coordinates": [103.99626977458824, 22.291862740776484]}, "properties": {"km": 59.25, "score": "none", "cell_count": 0, "operators": [], "nearest_m": null}}, {"type": "Feature", "geometry": {"type": "Point", "coordinates": [103.99675560934247, 22.29339001318529]}, "properties": {"km": 59.5, "score": "none", "cell_count": 0, "operators": [], "nearest_m": null}}, {"type": "Feature", "geometry": {"type": "Point", "coordinates": [103.99476473762533, 22.29438916394847]}, "properties": {"km": 59.75, "score": "none", "cell_count": 0, "operators": [], "nearest_m": null}}, {"type": "Feature", "geometry": {"type": "Point", "coordinates": [103.99274799074531, 22.295438484563764]}, "properties": {"km": 60.0, "score": "none", "cell_count": 0, "operators": [], "nearest_m": null}}, {"type": "Feature", "geometry": {"type": "Point", "coordinates": [103.99060341550772, 22.296022926441015]}, "properties": {"km": 60.25, "score": "none", "cell_count": 0, "operators": [], "nearest_m": null}}, {"type": "Feature", "geometry": {"type": "Point", "coordinates": [103.98960481523844, 22.296661511763393]}, "properties": {"km": 60.5, "score": "none", "cell_count": 0, "operators": [], "nearest_m": null}}, {"type": "Feature", "geometry": {"type": "Point", "coordinates": [103.98857310047225, 22.29726676314934]}, "properties": {"km": 60.75, "score": "none", "cell_count": 0, "operators": [], "nearest_m": null}}, {"type": "Feature", "geometry": {"type": "Point", "coordinates": [103.98855158312176, 22.2990760047089]}, "properties": {"km": 61.0, "score": "none", "cell_count": 0, "operators": [], "nearest_m": null}}, {"type": "Feature", "geometry": {"type": "Point", "coordinates": [103.98706146935156, 22.300690747272235]}, "properties": {"km": 61.25, "score": "none", "cell_count": 0, "operators": [], "nearest_m": null}}, {"type": "Feature", "geometry": {"type": "Point", "coordinates": [103.98590868634301, 22.30198725951803]}, "properties": {"km": 61.5, "score": "none", "cell_count": 0, "operators": [], "nearest_m": null}}, {"type": "Feature", "geometry": {"type": "Point", "coordinates": [103.98563815218863, 22.303420642301855]}, "properties": {"km": 61.75, "score": "none", "cell_count": 0, "operators": [], "nearest_m": null}}, {"type": "Feature", "geometry": {"type": "Point", "coordinates": [103.9878042664061, 22.30405237451798]}, "properties": {"km": 62.0, "score": "none", "cell_count": 0, "operators": [], "nearest_m": null}}, {"type": "Feature", "geometry": {"type": "Point", "coordinates": [103.98947030985116, 22.30334141928802]}, "properties": {"km": 62.25, "score": "none", "cell_count": 0, "operators": [], "nearest_m": null}}, {"type": "Feature", "geometry": {"type": "Point", "coordinates": [103.99183700191078, 22.303368773946996]}, "properties": {"km": 62.5, "score": "none", "cell_count": 0, "operators": [], "nearest_m": null}}, {"type": "Feature", "geometry": {"type": "Point", "coordinates": [103.99350465066603, 22.30262674666987]}, "properties": {"km": 62.75, "score": "none", "cell_count": 0, "operators": [], "nearest_m": null}}, {"type": "Feature", "geometry": {"type": "Point", "coordinates": [103.99556659744981, 22.302269395941906]}, "properties": {"km": 63.0, "score": "none", "cell_count": 0, "operators": [], "nearest_m": null}}, {"type": "Feature", "geometry": {"type": "Point", "coordinates": [103.99766912822496, 22.301969700186564]}, "properties": {"km": 63.25, "score": "none", "cell_count": 0, "operators": [], "nearest_m": null}}, {"type": "Feature", "geometry": {"type": "Point", "coordinates": [103.9999797256708, 22.301494586923667]}, "properties": {"km": 63.5, "score": "none", "cell_count": 0, "operators": [], "nearest_m": null}}, {"type": "Feature", "geometry": {"type": "Point", "coordinates": [104.0022271587257, 22.301222705975526]}, "properties": {"km": 63.75, "score": "none", "cell_count": 0, "operators": [], "nearest_m": null}}, {"type": "Feature", "geometry": {"type": "Point", "coordinates": [104.00354443848491, 22.3004103654041]}, "properties": {"km": 64.0, "score": "none", "cell_count": 0, "operators": [], "nearest_m": null}}, {"type": "Feature", "geometry": {"type": "Point", "coordinates": [104.00426561455068, 22.29974612625392]}, "properties": {"km": 64.25, "score": "none", "cell_count": 0, "operators": [], "nearest_m": null}}, {"type": "Feature", "geometry": {"type": "Point", "coordinates": [104.00642455648062, 22.298879590297048]}, "properties": {"km": 64.5, "score": "none", "cell_count": 0, "operators": [], "nearest_m": null}}, {"type": "Feature", "geometry": {"type": "Point", "coordinates": [104.00835595335516, 22.29896566354424]}, "properties": {"km": 64.75, "score": "none", "cell_count": 0, "operators": [], "nearest_m": null}}, {"type": "Feature", "geometry": {"type": "Point", "coordinates": [104.01026074573271, 22.29866136717663]}, "properties": {"km": 65.0, "score": "none", "cell_count": 0, "operators": [], "nearest_m": null}}, {"type": "Feature", "geometry": {"type": "Point", "coordinates": [104.01167365179376, 22.299141876816236]}, "properties": {"km": 65.25, "score": "none", "cell_count": 0, "operators": [], "nearest_m": null}}, {"type": "Feature", "geometry": {"type": "Point", "coordinates": [104.0131147292417, 22.300096317689572]}, "properties": {"km": 65.5, "score": "none", "cell_count": 0, "operators": [], "nearest_m": null}}, {"type": "Feature", "geometry": {"type": "Point", "coordinates": [104.015462475946, 22.30004593305304]}, "properties": {"km": 65.75, "score": "none", "cell_count": 0, "operators": [], "nearest_m": null}}, {"type": "Feature", "geometry": {"type": "Point", "coordinates": [104.01751061256537, 22.29899527673902]}, "properties": {"km": 66.0, "score": "none", "cell_count": 0, "operators": [], "nearest_m": null}}, {"type": "Feature", "geometry": {"type": "Point", "coordinates": [104.01914274969613, 22.29923657038673]}, "properties": {"km": 66.25, "score": "none", "cell_count": 0, "operators": [], "nearest_m": null}}, {"type": "Feature", "geometry": {"type": "Point", "coordinates": [104.01998110773766, 22.300134203330973]}, "properties": {"km": 66.5, "score": "none", "cell_count": 0, "operators": [], "nearest_m": null}}, {"type": "Feature", "geometry": {"type": "Point", "coordinates": [104.0213181666378, 22.29987866664568]}, "properties": {"km": 66.75, "score": "none", "cell_count": 0, "operators": [], "nearest_m": null}}, {"type": "Feature", "geometry": {"type": "Point", "coordinates": [104.02238845129857, 22.29877089786256]}, "properties": {"km": 67.0, "score": "none", "cell_count": 0, "operators": [], "nearest_m": null}}, {"type": "Feature", "geometry": {"type": "Point", "coordinates": [104.02308718131144, 22.297151477923048]}, "properties": {"km": 67.25, "score": "none", "cell_count": 0, "operators": [], "nearest_m": null}}, {"type": "Feature", "geometry": {"type": "Point", "coordinates": [104.02281395230088, 22.29493239351772]}, "properties": {"km": 67.5, "score": "none", "cell_count": 0, "operators": [], "nearest_m": null}}, {"type": "Feature", "geometry": {"type": "Point", "coordinates": [104.0217428962931, 22.29341349161525]}, "properties": {"km": 67.75, "score": "none", "cell_count": 0, "operators": [], "nearest_m": null}}, {"type": "Feature", "geometry": {"type": "Point", "coordinates": [104.02099237983258, 22.29169845252093]}, "properties": {"km": 68.0, "score": "none", "cell_count": 0, "operators": [], "nearest_m": null}}, {"type": "Feature", "geometry": {"type": "Point", "coordinates": [104.01893692768148, 22.292831985896804]}, "properties": {"km": 68.25, "score": "none", "cell_count": 0, "operators": [], "nearest_m": null}}, {"type": "Feature", "geometry": {"type": "Point", "coordinates": [104.0169817922993, 22.294143915162074]}, "properties": {"km": 68.5, "score": "none", "cell_count": 0, "operators": [], "nearest_m": null}}, {"type": "Feature", "geometry": {"type": "Point", "coordinates": [104.01497733727172, 22.29450763720874]}, "properties": {"km": 68.75, "score": "none", "cell_count": 0, "operators": [], "nearest_m": null}}, {"type": "Feature", "geometry": {"type": "Point", "coordinates": [104.01347240791375, 22.29281921775359]}, "properties": {"km": 69.0, "score": "none", "cell_count": 0, "operators": [], "nearest_m": null}}, {"type": "Feature", "geometry": {"type": "Point", "coordinates": [104.01115605880327, 22.29251510012731]}, "properties": {"km": 69.25, "score": "none", "cell_count": 0, "operators": [], "nearest_m": null}}, {"type": "Feature", "geometry": {"type": "Point", "coordinates": [104.01001408426148, 22.290895406682736]}, "properties": {"km": 69.5, "score": "none", "cell_count": 0, "operators": [], "nearest_m": null}}, {"type": "Feature", "geometry": {"type": "Point", "coordinates": [104.01074954372709, 22.2897480498301]}, "properties": {"km": 69.75, "score": "none", "cell_count": 0, "operators": [], "nearest_m": null}}, {"type": "Feature", "geometry": {"type": "Point", "coordinates": [104.01253251951606, 22.288726614623837]}, "properties": {"km": 70.0, "score": "none", "cell_count": 0, "operators": [], "nearest_m": null}}, {"type": "Feature", "geometry": {"type": "Point", "coordinates": [104.01331642996018, 22.286907770428666]}, "properties": {"km": 70.25, "score": "none", "cell_count": 0, "operators": [], "nearest_m": null}}, {"type": "Feature", "geometry": {"type": "Point", "coordinates": [104.01505316671889, 22.285642017257583]}, "properties": {"km": 70.5, "score": "none", "cell_count": 0, "operators": [], "nearest_m": null}}, {"type": "Feature", "geometry": {"type": "Point", "coordinates": [104.01654582402332, 22.286759560315296]}, "properties": {"km": 70.75, "score": "none", "cell_count": 0, "operators": [], "nearest_m": null}}, {"type": "Feature", "geometry": {"type": "Point", "coordinates": [104.01822009774222, 22.285636240068595]}, "properties": {"km": 71.0, "score": "none", "cell_count": 0, "operators": [], "nearest_m": null}}, {"type": "Feature", "geometry": {"type": "Point", "coordinates": [104.01759425272171, 22.284618786245332]}, "properties": {"km": 71.25, "score": "none", "cell_count": 0, "operators": [], "nearest_m": null}}, {"type": "Feature", "geometry": {"type": "Point", "coordinates": [104.01846561347148, 22.28319019100329]}, "properties": {"km": 71.5, "score": "none", "cell_count": 0, "operators": [], "nearest_m": null}}, {"type": "Feature", "geometry": {"type": "Point", "coordinates": [104.01758970567873, 22.2813836922901]}, "properties": {"km": 71.75, "score": "none", "cell_count": 0, "operators": [], "nearest_m": null}}, {"type": "Feature", "geometry": {"type": "Point", "coordinates": [104.01787706016948, 22.27929882521185]}, "properties": {"km": 72.0, "score": "none", "cell_count": 0, "operators": [], "nearest_m": null}}, {"type": "Feature", "geometry": {"type": "Point", "coordinates": [104.0157165973201, 22.278549910840113]}, "properties": {"km": 72.25, "score": "none", "cell_count": 0, "operators": [], "nearest_m": null}}, {"type": "Feature", "geometry": {"type": "Point", "coordinates": [104.01371263693986, 22.277533643820753]}, "properties": {"km": 72.5, "score": "none", "cell_count": 0, "operators": [], "nearest_m": null}}, {"type": "Feature", "geometry": {"type": "Point", "coordinates": [104.01371196911573, 22.275726177603293]}, "properties": {"km": 72.75, "score": "none", "cell_count": 0, "operators": [], "nearest_m": null}}, {"type": "Feature", "geometry": {"type": "Point", "coordinates": [104.01596986843533, 22.27498622050669]}, "properties": {"km": 73.0, "score": "none", "cell_count": 0, "operators": [], "nearest_m": null}}, {"type": "Feature", "geometry": {"type": "Point", "coordinates": [104.01752710828939, 22.27375195805387]}, "properties": {"km": 73.25, "score": "none", "cell_count": 0, "operators": [], "nearest_m": null}}, {"type": "Feature", "geometry": {"type": "Point", "coordinates": [104.01780171981761, 22.271704521641418]}, "properties": {"km": 73.5, "score": "none", "cell_count": 0, "operators": [], "nearest_m": null}}, {"type": "Feature", "geometry": {"type": "Point", "coordinates": [104.01608767990739, 22.270240174680783]}, "properties": {"km": 73.75, "score": "none", "cell_count": 0, "operators": [], "nearest_m": null}}, {"type": "Feature", "geometry": {"type": "Point", "coordinates": [104.01499509733895, 22.268738264835548]}, "properties": {"km": 74.0, "score": "none", "cell_count": 0, "operators": [], "nearest_m": null}}, {"type": "Feature", "geometry": {"type": "Point", "coordinates": [104.01695265396964, 22.267609585704875]}, "properties": {"km": 74.25, "score": "none", "cell_count": 0, "operators": [], "nearest_m": null}}, {"type": "Feature", "geometry": {"type": "Point", "coordinates": [104.01899428872834, 22.266585620855864]}, "properties": {"km": 74.5, "score": "none", "cell_count": 0, "operators": [], "nearest_m": null}}, {"type": "Feature", "geometry": {"type": "Point", "coordinates": [104.01964580905826, 22.26487424818897]}, "properties": {"km": 74.75, "score": "none", "cell_count": 0, "operators": [], "nearest_m": null}}, {"type": "Feature", "geometry": {"type": "Point", "coordinates": [104.02076935556065, 22.263270436602504]}, "properties": {"km": 75.0, "score": "none", "cell_count": 0, "operators": [], "nearest_m": null}}, {"type": "Feature", "geometry": {"type": "Point", "coordinates": [104.0227346895188, 22.262388266930326]}, "properties": {"km": 75.25, "score": "none", "cell_count": 0, "operators": [], "nearest_m": null}}, {"type": "Feature", "geometry": {"type": "Point", "coordinates": [104.02111094249786, 22.2611097307149]}, "properties": {"km": 75.5, "score": "none", "cell_count": 0, "operators": [], "nearest_m": null}}, {"type": "Feature", "geometry": {"type": "Point", "coordinates": [104.01941218583366, 22.259902185833663]}, "properties": {"km": 75.75, "score": "none", "cell_count": 0, "operators": [], "nearest_m": null}}, {"type": "Feature", "geometry": {"type": "Point", "coordinates": [104.01744453740008, 22.259047955681133]}, "properties": {"km": 76.0, "score": "none", "cell_count": 0, "operators": [], "nearest_m": null}}, {"type": "Feature", "geometry": {"type": "Point", "coordinates": [104.01537524052539, 22.258184762476564]}, "properties": {"km": 76.25, "score": "none", "cell_count": 0, "operators": [], "nearest_m": null}}, {"type": "Feature", "geometry": {"type": "Point", "coordinates": [104.0132772677192, 22.257344785040882]}, "properties": {"km": 76.5, "score": "none", "cell_count": 0, "operators": [], "nearest_m": null}}, {"type": "Feature", "geometry": {"type": "Point", "coordinates": [104.01112421608921, 22.257428838990037]}, "properties": {"km": 76.75, "score": "none", "cell_count": 0, "operators": [], "nearest_m": null}}, {"type": "Feature", "geometry": {"type": "Point", "coordinates": [104.00991794854905, 22.257735327616558]}, "properties": {"km": 77.0, "score": "none", "cell_count": 0, "operators": [], "nearest_m": null}}, {"type": "Feature", "geometry": {"type": "Point", "coordinates": [104.00845232712379, 22.257173074764022]}, "properties": {"km": 77.25, "score": "none", "cell_count": 0, "operators": [], "nearest_m": null}}, {"type": "Feature", "geometry": {"type": "Point", "coordinates": [104.0062600772628, 22.25765]}, "properties": {"km": 77.5, "score": "none", "cell_count": 0, "operators": [], "nearest_m": null}}, {"type": "Feature", "geometry": {"type": "Point", "coordinates": [104.00447564209844, 22.258058344500704]}, "properties": {"km": 77.75, "score": "none", "cell_count": 0, "operators": [], "nearest_m": null}}, {"type": "Feature", "geometry": {"type": "Point", "coordinates": [104.00229224210695, 22.25830955157861]}, "properties": {"km": 78.0, "score": "none", "cell_count": 0, "operators": [], "nearest_m": null}}, {"type": "Feature", "geometry": {"type": "Point", "coordinates": [104.00072560467343, 22.25956608006128]}, "properties": {"km": 78.25, "score": "none", "cell_count": 0, "operators": [], "nearest_m": null}}, {"type": "Feature", "geometry": {"type": "Point", "coordinates": [103.99854528191305, 22.260165625887275]}, "properties": {"km": 78.5, "score": "none", "cell_count": 0, "operators": [], "nearest_m": null}}, {"type": "Feature", "geometry": {"type": "Point", "coordinates": [103.996349726846, 22.260472927382455]}, "properties": {"km": 78.75, "score": "none", "cell_count": 0, "operators": [], "nearest_m": null}}, {"type": "Feature", "geometry": {"type": "Point", "coordinates": [103.9942611059759, 22.25977]}, "properties": {"km": 79.0, "score": "none", "cell_count": 0, "operators": [], "nearest_m": null}}, {"type": "Feature", "geometry": {"type": "Point", "coordinates": [103.99273738962745, 22.258897164779263]}, "properties": {"km": 79.25, "score": "none", "cell_count": 0, "operators": [], "nearest_m": null}}, {"type": "Feature", "geometry": {"type": "Point", "coordinates": [103.99088648603527, 22.259641927012918]}, "properties": {"km": 79.5, "score": "none", "cell_count": 0, "operators": [], "nearest_m": null}}, {"type": "Feature", "geometry": {"type": "Point", "coordinates": [103.98862836868723, 22.259570686464848]}, "properties": {"km": 79.75, "score": "none", "cell_count": 0, "operators": [], "nearest_m": null}}, {"type": "Feature", "geometry": {"type": "Point", "coordinates": [103.98662325236882, 22.258525813092206]}, "properties": {"km": 80.0, "score": "none", "cell_count": 0, "operators": [], "nearest_m": null}}, {"type": "Feature", "geometry": {"type": "Point", "coordinates": [103.9843909608159, 22.25786]}, "properties": {"km": 80.25, "score": "none", "cell_count": 0, "operators": [], "nearest_m": null}}, {"type": "Feature", "geometry": {"type": "Point", "coordinates": [103.98256482741296, 22.258432527927162]}, "properties": {"km": 80.5, "score": "none", "cell_count": 0, "operators": [], "nearest_m": null}}, {"type": "Feature", "geometry": {"type": "Point", "coordinates": [103.98395559531662, 22.256723815099264]}, "properties": {"km": 80.75, "score": "none", "cell_count": 0, "operators": [], "nearest_m": null}}, {"type": "Feature", "geometry": {"type": "Point", "coordinates": [103.98214289388918, 22.257317998392764]}, "properties": {"km": 81.0, "score": "none", "cell_count": 0, "operators": [], "nearest_m": null}}, {"type": "Feature", "geometry": {"type": "Point", "coordinates": [103.98126292917101, 22.258876394058266]}, "properties": {"km": 81.25, "score": "none", "cell_count": 0, "operators": [], "nearest_m": null}}, {"type": "Feature", "geometry": {"type": "Point", "coordinates": [103.97917289310669, 22.259665619569716]}, "properties": {"km": 81.5, "score": "none", "cell_count": 0, "operators": [], "nearest_m": null}}, {"type": "Feature", "geometry": {"type": "Point", "coordinates": [103.97725209050724, 22.26074348417873]}, "properties": {"km": 81.75, "score": "none", "cell_count": 0, "operators": [], "nearest_m": null}}, {"type": "Feature", "geometry": {"type": "Point", "coordinates": [103.97843475484574, 22.261457660412475]}, "properties": {"km": 82.0, "score": "none", "cell_count": 0, "operators": [], "nearest_m": null}}, {"type": "Feature", "geometry": {"type": "Point", "coordinates": [103.97980701685725, 22.262854961081846]}, "properties": {"km": 82.25, "score": "none", "cell_count": 0, "operators": [], "nearest_m": null}}, {"type": "Feature", "geometry": {"type": "Point", "coordinates": [103.9797193148782, 22.26493150171124]}, "properties": {"km": 82.5, "score": "none", "cell_count": 0, "operators": [], "nearest_m": null}}, {"type": "Feature", "geometry": {"type": "Point", "coordinates": [103.97871613202183, 22.26680773595634]}, "properties": {"km": 82.75, "score": "none", "cell_count": 0, "operators": [], "nearest_m": null}}, {"type": "Feature", "geometry": {"type": "Point", "coordinates": [103.97767164207475, 22.268783207997696]}, "properties": {"km": 83.0, "score": "none", "cell_count": 0, "operators": [], "nearest_m": null}}, {"type": "Feature", "geometry": {"type": "Point", "coordinates": [103.97748972037442, 22.27094738126536]}, "properties": {"km": 83.25, "score": "none", "cell_count": 0, "operators": [], "nearest_m": null}}, {"type": "Feature", "geometry": {"type": "Point", "coordinates": [103.97632945483144, 22.272315880867882]}, "properties": {"km": 83.5, "score": "none", "cell_count": 0, "operators": [], "nearest_m": null}}, {"type": "Feature", "geometry": {"type": "Point", "coordinates": [103.97426534372767, 22.272746106308087]}, "properties": {"km": 83.75, "score": "none", "cell_count": 0, "operators": [], "nearest_m": null}}, {"type": "Feature", "geometry": {"type": "Point", "coordinates": [103.97326836839143, 22.274585830333653]}, "properties": {"km": 84.0, "score": "none", "cell_count": 0, "operators": [], "nearest_m": null}}, {"type": "Feature", "geometry": {"type": "Point", "coordinates": [103.97251787422874, 22.276495544755395]}, "properties": {"km": 84.25, "score": "none", "cell_count": 0, "operators": [], "nearest_m": null}}, {"type": "Feature", "geometry": {"type": "Point", "coordinates": [103.9713060774988, 22.278238419545527]}, "properties": {"km": 84.5, "score": "none", "cell_count": 0, "operators": [], "nearest_m": null}}, {"type": "Feature", "geometry": {"type": "Point", "coordinates": [103.96938104015234, 22.278721876238997]}, "properties": {"km": 84.75, "score": "none", "cell_count": 0, "operators": [], "nearest_m": null}}, {"type": "Feature", "geometry": {"type": "Point", "coordinates": [103.96709925657994, 22.278745432456006]}, "properties": {"km": 85.0, "score": "none", "cell_count": 0, "operators": [], "nearest_m": null}}, {"type": "Feature", "geometry": {"type": "Point", "coordinates": [103.96597162962333, 22.28050424562001]}, "properties": {"km": 85.25, "score": "none", "cell_count": 0, "operators": [], "nearest_m": null}}, {"type": "Feature", "geometry": {"type": "Point", "coordinates": [103.96390286619477, 22.280549299292158]}, "properties": {"km": 85.5, "score": "none", "cell_count": 0, "operators": [], "nearest_m": null}}, {"type": "Feature", "geometry": {"type": "Point", "coordinates": [103.96375070240326, 22.280134491153913]}, "properties": {"km": 85.75, "score": "none", "cell_count": 0, "operators": [], "nearest_m": null}}, {"type": "Feature", "geometry": {"type": "Point", "coordinates": [103.96443645771173, 22.278608907860914]}, "properties": {"km": 86.0, "score": "none", "cell_count": 0, "operators": [], "nearest_m": null}}, {"type": "Feature", "geometry": {"type": "Point", "coordinates": [103.96349711129233, 22.27718419043736]}, "properties": {"km": 86.25, "score": "none", "cell_count": 0, "operators": [], "nearest_m": null}}, {"type": "Feature", "geometry": {"type": "Point", "coordinates": [103.96125866218787, 22.277813079880396]}, "properties": {"km": 86.5, "score": "none", "cell_count": 0, "operators": [], "nearest_m": null}}, {"type": "Feature", "geometry": {"type": "Point", "coordinates": [103.95887221421187, 22.277765872443705]}, "properties": {"km": 86.75, "score": "none", "cell_count": 0, "operators": [], "nearest_m": null}}, {"type": "Feature", "geometry": {"type": "Point", "coordinates": [103.95653371513554, 22.278132856756574]}, "properties": {"km": 87.0, "score": "none", "cell_count": 0, "operators": [], "nearest_m": null}}, {"type": "Feature", "geometry": {"type": "Point", "coordinates": [103.95427636125683, 22.278333875723327]}, "properties": {"km": 87.25, "score": "none", "cell_count": 0, "operators": [], "nearest_m": null}}, {"type": "Feature", "geometry": {"type": "Point", "coordinates": [103.95195896384271, 22.278167357438193]}, "properties": {"km": 87.5, "score": "none", "cell_count": 0, "operators": [], "nearest_m": null}}, {"type": "Feature", "geometry": {"type": "Point", "coordinates": [103.94994190242467, 22.27720662353127]}, "properties": {"km": 87.75, "score": "none", "cell_count": 0, "operators": [], "nearest_m": null}}, {"type": "Feature", "geometry": {"type": "Point", "coordinates": [103.94791300690096, 22.277906224121384]}, "properties": {"km": 88.0, "score": "none", "cell_count": 0, "operators": [], "nearest_m": null}}, {"type": "Feature", "geometry": {"type": "Point", "coordinates": [103.9456882096827, 22.277971517473556]}, "properties": {"km": 88.25, "score": "none", "cell_count": 0, "operators": [], "nearest_m": null}}, {"type": "Feature", "geometry": {"type": "Point", "coordinates": [103.94371757516905, 22.277650941873723]}, "properties": {"km": 88.5, "score": "none", "cell_count": 0, "operators": [], "nearest_m": null}}, {"type": "Feature", "geometry": {"type": "Point", "coordinates": [103.94219517484223, 22.279295090820412]}, "properties": {"km": 88.75, "score": "none", "cell_count": 0, "operators": [], "nearest_m": null}}, {"type": "Feature", "geometry": {"type": "Point", "coordinates": [103.94150673874304, 22.281443207199672]}, "properties": {"km": 89.0, "score": "none", "cell_count": 0, "operators": [], "nearest_m": null}}, {"type": "Feature", "geometry": {"type": "Point", "coordinates": [103.93979375858393, 22.28295887242482]}, "properties": {"km": 89.25, "score": "none", "cell_count": 0, "operators": [], "nearest_m": null}}, {"type": "Feature", "geometry": {"type": "Point", "coordinates": [103.9386629044811, 22.28185995822093]}, "properties": {"km": 89.5, "score": "none", "cell_count": 0, "operators": [], "nearest_m": null}}, {"type": "Feature", "geometry": {"type": "Point", "coordinates": [103.93728037223288, 22.280795186116436]}, "properties": {"km": 89.75, "score": "none", "cell_count": 0, "operators": [], "nearest_m": null}}, {"type": "Feature", "geometry": {"type": "Point", "coordinates": [103.93686808833759, 22.2786862870972]}, "properties": {"km": 90.0, "score": "none", "cell_count": 0, "operators": [], "nearest_m": null}}, {"type": "Feature", "geometry": {"type": "Point", "coordinates": [103.93643419672794, 22.276812241588626]}, "properties": {"km": 90.25, "score": "none", "cell_count": 0, "operators": [], "nearest_m": null}}, {"type": "Feature", "geometry": {"type": "Point", "coordinates": [103.93479979170903, 22.277569054523017]}, "properties": {"km": 90.5, "score": "none", "cell_count": 0, "operators": [], "nearest_m": null}}, {"type": "Feature", "geometry": {"type": "Point", "coordinates": [103.93367619467563, 22.279034513310947]}, "properties": {"km": 90.75, "score": "none", "cell_count": 0, "operators": [], "nearest_m": null}}, {"type": "Feature", "geometry": {"type": "Point", "coordinates": [103.93188464478254, 22.280449781478424]}, "properties": {"km": 91.0, "score": "none", "cell_count": 0, "operators": [], "nearest_m": null}}, {"type": "Feature", "geometry": {"type": "Point", "coordinates": [103.93007010998095, 22.28096741751429]}, "properties": {"km": 91.25, "score": "none", "cell_count": 0, "operators": [], "nearest_m": null}}, {"type": "Feature", "geometry": {"type": "Point", "coordinates": [103.9278531735094, 22.281297277840373]}, "properties": {"km": 91.5, "score": "none", "cell_count": 0, "operators": [], "nearest_m": null}}, {"type": "Feature", "geometry": {"type": "Point", "coordinates": [103.9271246258823, 22.28079]}, "properties": {"km": 91.75, "score": "none", "cell_count": 0, "operators": [], "nearest_m": null}}, {"type": "Feature", "geometry": {"type": "Point", "coordinates": [103.92487207151468, 22.280104654747554]}, "properties": {"km": 92.0, "score": "none", "cell_count": 0, "operators": [], "nearest_m": null}}, {"type": "Feature", "geometry": {"type": "Point", "coordinates": [103.92371846417, 22.281005809626674]}, "properties": {"km": 92.25, "score": "none", "cell_count": 0, "operators": [], "nearest_m": null}}, {"type": "Feature", "geometry": {"type": "Point", "coordinates": [103.92193959225001, 22.281844796125]}, "properties": {"km": 92.5, "score": "none", "cell_count": 0, "operators": [], "nearest_m": null}}, {"type": "Feature", "geometry": {"type": "Point", "coordinates": [103.92014046945648, 22.28293243798528]}, "properties": {"km": 92.75, "score": "none", "cell_count": 0, "operators": [], "nearest_m": null}}, {"type": "Feature", "geometry": {"type": "Point", "coordinates": [103.91860457009344, 22.28418396424221]}, "properties": {"km": 93.0, "score": "none", "cell_count": 0, "operators": [], "nearest_m": null}}, {"type": "Feature", "geometry": {"type": "Point", "coordinates": [103.91711400233417, 22.285553990663306]}, "properties": {"km": 93.25, "score": "none", "cell_count": 0, "operators": [], "nearest_m": null}}, {"type": "Feature", "geometry": {"type": "Point", "coordinates": [103.91516318479253, 22.286482904331947]}, "properties": {"km": 93.5, "score": "none", "cell_count": 0, "operators": [], "nearest_m": null}}, {"type": "Feature", "geometry": {"type": "Point", "coordinates": [103.91347450078489, 22.28696]}, "properties": {"km": 93.75, "score": "none", "cell_count": 0, "operators": [], "nearest_m": null}}, {"type": "Feature", "geometry": {"type": "Point", "coordinates": [103.91146693595823, 22.28784571647693]}, "properties": {"km": 94.0, "score": "none", "cell_count": 0, "operators": [], "nearest_m": null}}, {"type": "Feature", "geometry": {"type": "Point", "coordinates": [103.90987303430295, 22.289374604212433]}, "properties": {"km": 94.25, "score": "none", "cell_count": 0, "operators": [], "nearest_m": null}}, {"type": "Feature", "geometry": {"type": "Point", "coordinates": [103.90863873404865, 22.290646835583285]}, "properties": {"km": 94.5, "score": "none", "cell_count": 0, "operators": [], "nearest_m": null}}, {"type": "Feature", "geometry": {"type": "Point", "coordinates": [103.90695623170252, 22.29075739021517]}, "properties": {"km": 94.75, "score": "none", "cell_count": 0, "operators": [], "nearest_m": null}}, {"type": "Feature", "geometry": {"type": "Point", "coordinates": [103.90632745029343, 22.291759742691422]}, "properties": {"km": 95.0, "score": "none", "cell_count": 0, "operators": [], "nearest_m": null}}, {"type": "Feature", "geometry": {"type": "Point", "coordinates": [103.90482604656661, 22.290723720600358]}, "properties": {"km": 95.25, "score": "none", "cell_count": 0, "operators": [], "nearest_m": null}}, {"type": "Feature", "geometry": {"type": "Point", "coordinates": [103.90509292007427, 22.292706400247553]}, "properties": {"km": 95.5, "score": "none", "cell_count": 0, "operators": [], "nearest_m": null}}, {"type": "Feature", "geometry": {"type": "Point", "coordinates": [103.90358343101178, 22.293558970696466]}, "properties": {"km": 95.75, "score": "none", "cell_count": 0, "operators": [], "nearest_m": null}}, {"type": "Feature", "geometry": {"type": "Point", "coordinates": [103.90163971423603, 22.29427]}, "properties": {"km": 96.0, "score": "none", "cell_count": 0, "operators": [], "nearest_m": null}}, {"type": "Feature", "geometry": {"type": "Point", "coordinates": [103.89990410722807, 22.29462323659649]}, "properties": {"km": 96.25, "score": "none", "cell_count": 0, "operators": [], "nearest_m": null}}, {"type": "Feature", "geometry": {"type": "Point", "coordinates": [103.89852474657859, 22.29586895988677]}, "properties": {"km": 96.5, "score": "none", "cell_count": 0, "operators": [], "nearest_m": null}}, {"type": "Feature", "geometry": {"type": "Point", "coordinates": [103.89747608048631, 22.296969567805476]}, "properties": {"km": 96.75, "score": "none", "cell_count": 0, "operators": [], "nearest_m": null}}, {"type": "Feature", "geometry": {"type": "Point", "coordinates": [103.89586827430584, 22.29819678855978]}, "properties": {"km": 97.0, "score": "none", "cell_count": 0, "operators": [], "nearest_m": null}}, {"type": "Feature", "geometry": {"type": "Point", "coordinates": [103.89416937448176, 22.298984816267925]}, "properties": {"km": 97.25, "score": "none", "cell_count": 0, "operators": [], "nearest_m": null}}, {"type": "Feature", "geometry": {"type": "Point", "coordinates": [103.89399660013636, 22.300308376049095]}, "properties": {"km": 97.5, "score": "none", "cell_count": 0, "operators": [], "nearest_m": null}}, {"type": "Feature", "geometry": {"type": "Point", "coordinates": [103.89425, 22.30198244457928]}, "properties": {"km": 97.75, "score": "none", "cell_count": 0, "operators": [], "nearest_m": null}}, {"type": "Feature", "geometry": {"type": "Point", "coordinates": [103.89238426180441, 22.302796448496323]}, "properties": {"km": 98.0, "score": "none", "cell_count": 0, "operators": [], "nearest_m": null}}, {"type": "Feature", "geometry": {"type": "Point", "coordinates": [103.89048595213569, 22.30418873048574]}, "properties": {"km": 98.25, "score": "none", "cell_count": 0, "operators": [], "nearest_m": null}}, {"type": "Feature", "geometry": {"type": "Point", "coordinates": [103.88854937722809, 22.30516701397141]}, "properties": {"km": 98.5, "score": "none", "cell_count": 0, "operators": [], "nearest_m": null}}, {"type": "Feature", "geometry": {"type": "Point", "coordinates": [103.88647747297463, 22.304642197634514]}, "properties": {"km": 98.75, "score": "none", "cell_count": 0, "operators": [], "nearest_m": null}}, {"type": "Feature", "geometry": {"type": "Point", "coordinates": [103.88497124849872, 22.30591200240206]}, "properties": {"km": 99.0, "score": "none", "cell_count": 0, "operators": [], "nearest_m": null}}, {"type": "Feature", "geometry": {"type": "Point", "coordinates": [103.88371396670982, 22.30772630473724]}, "properties": {"km": 99.25, "score": "none", "cell_count": 0, "operators": [], "nearest_m": null}}, {"type": "Feature", "geometry": {"type": "Point", "coordinates": [103.88172326590781, 22.307324949430857]}, "properties": {"km": 99.5, "score": "none", "cell_count": 0, "operators": [], "nearest_m": null}}, {"type": "Feature", "geometry": {"type": "Point", "coordinates": [103.879755213945, 22.30674652733936]}, "properties": {"km": 99.75, "score": "none", "cell_count": 0, "operators": [], "nearest_m": null}}, {"type": "Feature", "geometry": {"type": "Point", "coordinates": [103.87804733422378, 22.307958523109896]}, "properties": {"km": 100.0, "score": "none", "cell_count": 0, "operators": [], "nearest_m": null}}, {"type": "Feature", "geometry": {"type": "Point", "coordinates": [103.87683630385366, 22.30901739229267]}, "properties": {"km": 100.25, "score": "none", "cell_count": 0, "operators": [], "nearest_m": null}}, {"type": "Feature", "geometry": {"type": "Point", "coordinates": [103.87478733817653, 22.309905752727662]}, "properties": {"km": 100.5, "score": "none", "cell_count": 0, "operators": [], "nearest_m": null}}, {"type": "Feature", "geometry": {"type": "Point", "coordinates": [103.87293887322431, 22.30889777208157]}, "properties": {"km": 100.75, "score": "none", "cell_count": 0, "operators": [], "nearest_m": null}}, {"type": "Feature", "geometry": {"type": "Point", "coordinates": [103.8730031891579, 22.307777201668017]}, "properties": {"km": 101.0, "score": "none", "cell_count": 0, "operators": [], "nearest_m": null}}, {"type": "Feature", "geometry": {"type": "Point", "coordinates": [103.87148075231649, 22.30658703538336]}, "properties": {"km": 101.25, "score": "none", "cell_count": 0, "operators": [], "nearest_m": null}}, {"type": "Feature", "geometry": {"type": "Point", "coordinates": [103.8705320054259, 22.30796701899066]}, "properties": {"km": 101.5, "score": "none", "cell_count": 0, "operators": [], "nearest_m": null}}, {"type": "Feature", "geometry": {"type": "Point", "coordinates": [103.869, 22.306647566191888]}, "properties": {"km": 101.75, "score": "none", "cell_count": 0, "operators": [], "nearest_m": null}}, {"type": "Feature", "geometry": {"type": "Point", "coordinates": [103.86719286185885, 22.30568524123923]}, "properties": {"km": 102.0, "score": "none", "cell_count": 0, "operators": [], "nearest_m": null}}, {"type": "Feature", "geometry": {"type": "Point", "coordinates": [103.86629276412508, 22.30388894349969]}, "properties": {"km": 102.25, "score": "none", "cell_count": 0, "operators": [], "nearest_m": null}}, {"type": "Feature", "geometry": {"type": "Point", "coordinates": [103.86449896055719, 22.303461559164216]}, "properties": {"km": 102.5, "score": "none", "cell_count": 0, "operators": [], "nearest_m": null}}, {"type": "Feature", "geometry": {"type": "Point", "coordinates": [103.86261414688114, 22.30314824406434]}, "properties": {"km": 102.75, "score": "none", "cell_count": 0, "operators": [], "nearest_m": null}}, {"type": "Feature", "geometry": {"type": "Point", "coordinates": [103.86154581983398, 22.303931137396233]}, "properties": {"km": 103.0, "score": "none", "cell_count": 0, "operators": [], "nearest_m": null}}, {"type": "Feature", "geometry": {"type": "Point", "coordinates": [103.8602783906945, 22.304811609305496]}, "properties": {"km": 103.25, "score": "none", "cell_count": 0, "operators": [], "nearest_m": null}}, {"type": "Feature", "geometry": {"type": "Point", "coordinates": [103.85843767923383, 22.304673924597004]}, "properties": {"km": 103.5, "score": "none", "cell_count": 0, "operators": [], "nearest_m": null}}, {"type": "Feature", "geometry": {"type": "Point", "coordinates": [103.85775420009001, 22.302853399929987]}, "properties": {"km": 103.75, "score": "none", "cell_count": 0, "operators": [], "nearest_m": null}}, {"type": "Feature", "geometry": {"type": "Point", "coordinates": [103.85565771869958, 22.302785437399155]}, "properties": {"km": 104.0, "score": "none", "cell_count": 0, "operators": [], "nearest_m": null}}, {"type": "Feature", "geometry": {"type": "Point", "coordinates": [103.85560520620601, 22.304640824824062]}, "properties": {"km": 104.25, "score": "none", "cell_count": 0, "operators": [], "nearest_m": null}}, {"type": "Feature", "geometry": {"type": "Point", "coordinates": [103.85599673167063, 22.306610121882425]}, "properties": {"km": 104.5, "score": "none", "cell_count": 0, "operators": [], "nearest_m": null}}, {"type": "Feature", "geometry": {"type": "Point", "coordinates": [103.85590737142215, 22.30832525715569]}, "properties": {"km": 104.75, "score": "none", "cell_count": 0, "operators": [], "nearest_m": null}}, {"type": "Feature", "geometry": {"type": "Point", "coordinates": [103.85482465232496, 22.309995891279172]}, "properties": {"km": 105.0, "score": "none", "cell_count": 0, "operators": [], "nearest_m": null}}, {"type": "Feature", "geometry": {"type": "Point", "coordinates": [103.85306540061167, 22.31135063439839]}, "properties": {"km": 105.25, "score": "none", "cell_count": 0, "operators": [], "nearest_m": null}}, {"type": "Feature", "geometry": {"type": "Point", "coordinates": [103.85127346685707, 22.312487555238217]}, "properties": {"km": 105.5, "score": "none", "cell_count": 0, "operators": [], "nearest_m": null}}, {"type": "Feature", "geometry": {"type": "Point", "coordinates": [103.84965388497558, 22.313617068658445]}, "properties": {"km": 105.75, "score": "none", "cell_count": 0, "operators": [], "nearest_m": null}}, {"type": "Feature", "geometry": {"type": "Point", "coordinates": [103.84943084665734, 22.315329763565508]}, "properties": {"km": 106.0, "score": "none", "cell_count": 0, "operators": [], "nearest_m": null}}, {"type": "Feature", "geometry": {"type": "Point", "coordinates": [103.84756127870033, 22.316551437371857]}, "properties": {"km": 106.25, "score": "none", "cell_count": 0, "operators": [], "nearest_m": null}}, {"type": "Feature", "geometry": {"type": "Point", "coordinates": [103.84621706058542, 22.317993525300682]}, "properties": {"km": 106.5, "score": "none", "cell_count": 0, "operators": [], "nearest_m": null}}, {"type": "Feature", "geometry": {"type": "Point", "coordinates": [103.84679826245099, 22.31973]}, "properties": {"km": 106.75, "score": "none", "cell_count": 0, "operators": [], "nearest_m": null}}, {"type": "Feature", "geometry": {"type": "Point", "coordinates": [103.84611236121137, 22.320957349495263]}, "properties": {"km": 107.0, "score": "none", "cell_count": 0, "operators": [], "nearest_m": null}}, {"type": "Feature", "geometry": {"type": "Point", "coordinates": [103.8454239841222, 22.322760422228914]}, "properties": {"km": 107.25, "score": "none", "cell_count": 0, "operators": [], "nearest_m": null}}, {"type": "Feature", "geometry": {"type": "Point", "coordinates": [103.84345013422794, 22.32378992841177]}, "properties": {"km": 107.5, "score": "none", "cell_count": 0, "operators": [], "nearest_m": null}}, {"type": "Feature", "geometry": {"type": "Point", "coordinates": [103.84142602082629, 22.32453863889828]}, "properties": {"km": 107.75, "score": "none", "cell_count": 0, "operators": [], "nearest_m": null}}, {"type": "Feature", "geometry": {"type": "Point", "coordinates": [103.8396042385983, 22.32567912436657]}, "properties": {"km": 108.0, "score": "none", "cell_count": 0, "operators": [], "nearest_m": null}}, {"type": "Feature", "geometry": {"type": "Point", "coordinates": [103.83735256366278, 22.326309145445745]}, "properties": {"km": 108.25, "score": "none", "cell_count": 0, "operators": [], "nearest_m": null}}, {"type": "Feature", "geometry": {"type": "Point", "coordinates": [103.83523279052655, 22.32717197677627]}, "properties": {"km": 108.5, "score": "none", "cell_count": 0, "operators": [], "nearest_m": null}}, {"type": "Feature", "geometry": {"type": "Point", "coordinates": [103.83610866552475, 22.328605130732672]}, "properties": {"km": 108.75, "score": "none", "cell_count": 0, "operators": [], "nearest_m": null}}, {"type": "Feature", "geometry": {"type": "Point", "coordinates": [103.83515419714246, 22.329186419714247]}, "properties": {"km": 109.0, "score": "none", "cell_count": 0, "operators": [], "nearest_m": null}}, {"type": "Feature", "geometry": {"type": "Point", "coordinates": [103.83321945604553, 22.32978]}, "properties": {"km": 109.25, "score": "none", "cell_count": 0, "operators": [], "nearest_m": null}}, {"type": "Feature", "geometry": {"type": "Point", "coordinates": [103.83111931897312, 22.330774068102688]}, "properties": {"km": 109.5, "score": "none", "cell_count": 0, "operators": [], "nearest_m": null}}, {"type": "Feature", "geometry": {"type": "Point", "coordinates": [103.8289811542303, 22.33128836567273]}, "properties": {"km": 109.75, "score": "none", "cell_count": 0, "operators": [], "nearest_m": null}}, {"type": "Feature", "geometry": {"type": "Point", "coordinates": [103.82679471767939, 22.33189931763711]}, "properties": {"km": 110.0, "score": "none", "cell_count": 0, "operators": [], "nearest_m": null}}, {"type": "Feature", "geometry": {"type": "Point", "coordinates": [103.82474748748434, 22.33216288750361]}, "properties": {"km": 110.25, "score": "none", "cell_count": 0, "operators": [], "nearest_m": null}}, {"type": "Feature", "geometry": {"type": "Point", "coordinates": [103.82295161147735, 22.333276505173295]}, "properties": {"km": 110.5, "score": "none", "cell_count": 0, "operators": [], "nearest_m": null}}, {"type": "Feature", "geometry": {"type": "Point", "coordinates": [103.82173704272009, 22.335006594286945]}, "properties": {"km": 110.75, "score": "none", "cell_count": 0, "operators": [], "nearest_m": null}}, {"type": "Feature", "geometry": {"type": "Point", "coordinates": [103.8201976039567, 22.336105536074218]}, "properties": {"km": 111.0, "score": "none", "cell_count": 0, "operators": [], "nearest_m": null}}, {"type": "Feature", "geometry": {"type": "Point", "coordinates": [103.81823794478208, 22.337392937971487]}, "properties": {"km": 111.25, "score": "none", "cell_count": 0, "operators": [], "nearest_m": null}}, {"type": "Feature", "geometry": {"type": "Point", "coordinates": [103.81662568817978, 22.339024311820225]}, "properties": {"km": 111.5, "score": "none", "cell_count": 0, "operators": [], "nearest_m": null}}, {"type": "Feature", "geometry": {"type": "Point", "coordinates": [103.81458172269966, 22.33996712883391]}, "properties": {"km": 111.75, "score": "none", "cell_count": 0, "operators": [], "nearest_m": null}}, {"type": "Feature", "geometry": {"type": "Point", "coordinates": [103.81335316575338, 22.341751294178188]}, "properties": {"km": 112.0, "score": "none", "cell_count": 0, "operators": [], "nearest_m": null}}, {"type": "Feature", "geometry": {"type": "Point", "coordinates": [103.8115566738889, 22.34202176312867]}, "properties": {"km": 112.25, "score": "none", "cell_count": 0, "operators": [], "nearest_m": null}}, {"type": "Feature", "geometry": {"type": "Point", "coordinates": [103.80958794480884, 22.34130711694135]}, "properties": {"km": 112.5, "score": "none", "cell_count": 0, "operators": [], "nearest_m": null}}, {"type": "Feature", "geometry": {"type": "Point", "coordinates": [103.80812218144068, 22.340611922239702]}, "properties": {"km": 112.75, "score": "none", "cell_count": 0, "operators": [], "nearest_m": null}}, {"type": "Feature", "geometry": {"type": "Point", "coordinates": [103.8069765601605, 22.3421103195185]}, "properties": {"km": 113.0, "score": "none", "cell_count": 0, "operators": [], "nearest_m": null}}, {"type": "Feature", "geometry": {"type": "Point", "coordinates": [103.80517126569184, 22.342802531383686]}, "properties": {"km": 113.25, "score": "none", "cell_count": 0, "operators": [], "nearest_m": null}}, {"type": "Feature", "geometry": {"type": "Point", "coordinates": [103.80568882161089, 22.344660151375507]}, "properties": {"km": 113.5, "score": "none", "cell_count": 0, "operators": [], "nearest_m": null}}, {"type": "Feature", "geometry": {"type": "Point", "coordinates": [103.80482628304294, 22.346648584785285]}, "properties": {"km": 113.75, "score": "none", "cell_count": 0, "operators": [], "nearest_m": null}}, {"type": "Feature", "geometry": {"type": "Point", "coordinates": [103.80405900887851, 22.34874107990655]}, "properties": {"km": 114.0, "score": "none", "cell_count": 0, "operators": [], "nearest_m": null}}, {"type": "Feature", "geometry": {"type": "Point", "coordinates": [103.8027367455234, 22.34988746016105]}, "properties": {"km": 114.25, "score": "none", "cell_count": 0, "operators": [], "nearest_m": null}}, {"type": "Feature", "geometry": {"type": "Point", "coordinates": [103.80296006005437, 22.351579759782517]}, "properties": {"km": 114.5, "score": "none", "cell_count": 0, "operators": [], "nearest_m": null}}, {"type": "Feature", "geometry": {"type": "Point", "coordinates": [103.80357304757754, 22.35239]}, "properties": {"km": 114.75, "score": "none", "cell_count": 0, "operators": [], "nearest_m": null}}, {"type": "Feature", "geometry": {"type": "Point", "coordinates": [103.80307, 22.35417331569987]}, "properties": {"km": 115.0, "score": "none", "cell_count": 0, "operators": [], "nearest_m": null}}, {"type": "Feature", "geometry": {"type": "Point", "coordinates": [103.80226873358133, 22.35599967261415]}, "properties": {"km": 115.25, "score": "none", "cell_count": 0, "operators": [], "nearest_m": null}}, {"type": "Feature", "geometry": {"type": "Point", "coordinates": [103.80182599933777, 22.35806466688741]}, "properties": {"km": 115.5, "score": "none", "cell_count": 0, "operators": [], "nearest_m": null}}, {"type": "Feature", "geometry": {"type": "Point", "coordinates": [103.79965391383485, 22.358711738592305]}, "properties": {"km": 115.75, "score": "none", "cell_count": 0, "operators": [], "nearest_m": null}}, {"type": "Feature", "geometry": {"type": "Point", "coordinates": [103.79764270019453, 22.359451587524315]}, "properties": {"km": 116.0, "score": "none", "cell_count": 0, "operators": [], "nearest_m": null}}, {"type": "Feature", "geometry": {"type": "Point", "coordinates": [103.79629235787577, 22.361030155044606]}, "properties": {"km": 116.25, "score": "none", "cell_count": 0, "operators": [], "nearest_m": null}}, {"type": "Feature", "geometry": {"type": "Point", "coordinates": [103.79756348646907, 22.362183486469064]}, "properties": {"km": 116.5, "score": "none", "cell_count": 0, "operators": [], "nearest_m": null}}, {"type": "Feature", "geometry": {"type": "Point", "coordinates": [103.79916148647474, 22.363849071667094]}, "properties": {"km": 116.75, "score": "none", "cell_count": 0, "operators": [], "nearest_m": null}}, {"type": "Feature", "geometry": {"type": "Point", "coordinates": [103.80100292561622, 22.365163727269877]}, "properties": {"km": 117.0, "score": "none", "cell_count": 0, "operators": [], "nearest_m": null}}, {"type": "Feature", "geometry": {"type": "Point", "coordinates": [103.80150437038795, 22.367199333491474]}, "properties": {"km": 117.25, "score": "none", "cell_count": 0, "operators": [], "nearest_m": null}}, {"type": "Feature", "geometry": {"type": "Point", "coordinates": [103.80204, 22.36906902811358]}, "properties": {"km": 117.5, "score": "none", "cell_count": 0, "operators": [], "nearest_m": null}}, {"type": "Feature", "geometry": {"type": "Point", "coordinates": [103.80270239021753, 22.371011609241823]}, "properties": {"km": 117.75, "score": "none", "cell_count": 0, "operators": [], "nearest_m": null}}, {"type": "Feature", "geometry": {"type": "Point", "coordinates": [103.80399996519567, 22.37254993039135]}, "properties": {"km": 118.0, "score": "none", "cell_count": 0, "operators": [], "nearest_m": null}}, {"type": "Feature", "geometry": {"type": "Point", "coordinates": [103.80583012306352, 22.372656516255702]}, "properties": {"km": 118.25, "score": "none", "cell_count": 0, "operators": [], "nearest_m": null}}, {"type": "Feature", "geometry": {"type": "Point", "coordinates": [103.80712654765891, 22.37156568457363]}, "properties": {"km": 118.5, "score": "none", "cell_count": 0, "operators": [], "nearest_m": null}}, {"type": "Feature", "geometry": {"type": "Point", "coordinates": [103.8093656280819, 22.37113]}, "properties": {"km": 118.75, "score": "none", "cell_count": 0, "operators": [], "nearest_m": null}}, {"type": "Feature", "geometry": {"type": "Point", "coordinates": [103.81094448829512, 22.37000775585244]}, "properties": {"km": 119.0, "score": "none", "cell_count": 0, "operators": [], "nearest_m": null}}, {"type": "Feature", "geometry": {"type": "Point", "coordinates": [103.812710697461, 22.369646434179668]}, "properties": {"km": 119.25, "score": "none", "cell_count": 0, "operators": [], "nearest_m": null}}, {"type": "Feature", "geometry": {"type": "Point", "coordinates": [103.81444507338638, 22.37076768346597]}, "properties": {"km": 119.5, "score": "none", "cell_count": 0, "operators": [], "nearest_m": null}}, {"type": "Feature", "geometry": {"type": "Point", "coordinates": [103.81504613844896, 22.372716071727858]}, "properties": {"km": 119.75, "score": "none", "cell_count": 0, "operators": [], "nearest_m": null}}, {"type": "Feature", "geometry": {"type": "Point", "coordinates": [103.81366339518237, 22.37419604817633]}, "properties": {"km": 120.0, "score": "none", "cell_count": 0, "operators": [], "nearest_m": null}}, {"type": "Feature", "geometry": {"type": "Point", "coordinates": [103.81178046810668, 22.375449531893324]}, "properties": {"km": 120.25, "score": "none", "cell_count": 0, "operators": [], "nearest_m": null}}, {"type": "Feature", "geometry": {"type": "Point", "coordinates": [103.81047824023517, 22.377132927341545]}, "properties": {"km": 120.5, "score": "none", "cell_count": 0, "operators": [], "nearest_m": null}}, {"type": "Feature", "geometry": {"type": "Point", "coordinates": [103.80916641340336, 22.378915494729217]}, "properties": {"km": 120.75, "score": "none", "cell_count": 0, "operators": [], "nearest_m": null}}, {"type": "Feature", "geometry": {"type": "Point", "coordinates": [103.80867, 22.380771581778024]}, "properties": {"km": 121.0, "score": "none", "cell_count": 0, "operators": [], "nearest_m": null}}, {"type": "Feature", "geometry": {"type": "Point", "coordinates": [103.80966464843632, 22.38269952343259]}, "properties": {"km": 121.25, "score": "none", "cell_count": 0, "operators": [], "nearest_m": null}}, {"type": "Feature", "geometry": {"type": "Point", "coordinates": [103.81012867303909, 22.384809233904996]}, "properties": {"km": 121.5, "score": "none", "cell_count": 0, "operators": [], "nearest_m": null}}, {"type": "Feature", "geometry": {"type": "Point", "coordinates": [103.81092337603958, 22.3861956367723]}, "properties": {"km": 121.75, "score": "none", "cell_count": 0, "operators": [], "nearest_m": null}}, {"type": "Feature", "geometry": {"type": "Point", "coordinates": [103.81093772120562, 22.38808544241124]}, "properties": {"km": 122.0, "score": "none", "cell_count": 0, "operators": [], "nearest_m": null}}, {"type": "Feature", "geometry": {"type": "Point", "coordinates": [103.81105763267432, 22.389835265348648]}, "properties": {"km": 122.25, "score": "none", "cell_count": 0, "operators": [], "nearest_m": null}}, {"type": "Feature", "geometry": {"type": "Point", "coordinates": [103.81152578899258, 22.391829096988346]}, "properties": {"km": 122.5, "score": "none", "cell_count": 0, "operators": [], "nearest_m": null}}, {"type": "Feature", "geometry": {"type": "Point", "coordinates": [103.81340813398644, 22.39279]}, "properties": {"km": 122.75, "score": "none", "cell_count": 0, "operators": [], "nearest_m": null}}, {"type": "Feature", "geometry": {"type": "Point", "coordinates": [103.81569785607131, 22.39289]}, "properties": {"km": 123.0, "score": "none", "cell_count": 0, "operators": [], "nearest_m": null}}, {"type": "Feature", "geometry": {"type": "Point", "coordinates": [103.81796175285069, 22.393088247149304]}, "properties": {"km": 123.25, "score": "none", "cell_count": 0, "operators": [], "nearest_m": null}}, {"type": "Feature", "geometry": {"type": "Point", "coordinates": [103.81993490399967, 22.39314164608016]}, "properties": {"km": 123.5, "score": "none", "cell_count": 0, "operators": [], "nearest_m": null}}, {"type": "Feature", "geometry": {"type": "Point", "coordinates": [103.82188828267859, 22.393438282678584]}, "properties": {"km": 123.75, "score": "none", "cell_count": 0, "operators": [], "nearest_m": null}}, {"type": "Feature", "geometry": {"type": "Point", "coordinates": [103.82395645359499, 22.39385]}, "properties": {"km": 124.0, "score": "none", "cell_count": 0, "operators": [], "nearest_m": null}}, {"type": "Feature", "geometry": {"type": "Point", "coordinates": [103.82596801657722, 22.394200013814356]}, "properties": {"km": 124.25, "score": "none", "cell_count": 0, "operators": [], "nearest_m": null}}, {"type": "Feature", "geometry": {"type": "Point", "coordinates": [103.82760363919951, 22.39494817728079]}, "properties": {"km": 124.5, "score": "none", "cell_count": 0, "operators": [], "nearest_m": null}}, {"type": "Feature", "geometry": {"type": "Point", "coordinates": [103.82909724416173, 22.395366535029623]}, "properties": {"km": 124.75, "score": "none", "cell_count": 0, "operators": [], "nearest_m": null}}, {"type": "Feature", "geometry": {"type": "Point", "coordinates": [103.82897848444154, 22.397041312588723]}, "properties": {"km": 125.0, "score": "none", "cell_count": 0, "operators": [], "nearest_m": null}}, {"type": "Feature", "geometry": {"type": "Point", "coordinates": [103.83109125008164, 22.39704092394499]}, "properties": {"km": 125.25, "score": "none", "cell_count": 0, "operators": [], "nearest_m": null}}, {"type": "Feature", "geometry": {"type": "Point", "coordinates": [103.83345223922935, 22.397227657280133]}, "properties": {"km": 125.5, "score": "none", "cell_count": 0, "operators": [], "nearest_m": null}}, {"type": "Feature", "geometry": {"type": "Point", "coordinates": [103.83560466848928, 22.39688386739571]}, "properties": {"km": 125.75, "score": "none", "cell_count": 0, "operators": [], "nearest_m": null}}, {"type": "Feature", "geometry": {"type": "Point", "coordinates": [103.83642422843967, 22.398570552190627]}, "properties": {"km": 126.0, "score": "none", "cell_count": 0, "operators": [], "nearest_m": null}}, {"type": "Feature", "geometry": {"type": "Point", "coordinates": [103.83776408415945, 22.400250140265722]}, "properties": {"km": 126.25, "score": "none", "cell_count": 0, "operators": [], "nearest_m": null}}, {"type": "Feature", "geometry": {"type": "Point", "coordinates": [103.83978905487852, 22.39937945260491]}, "properties": {"km": 126.5, "score": "none", "cell_count": 0, "operators": [], "nearest_m": null}}, {"type": "Feature", "geometry": {"type": "Point", "coordinates": [103.84142195462476, 22.39775557373476]}, "properties": {"km": 126.75, "score": "none", "cell_count": 0, "operators": [], "nearest_m": null}}, {"type": "Feature", "geometry": {"type": "Point", "coordinates": [103.84338509688399, 22.397542548442]}, "properties": {"km": 127.0, "score": "none", "cell_count": 0, "operators": [], "nearest_m": null}}, {"type": "Feature", "geometry": {"type": "Point", "coordinates": [103.84558967854969, 22.39825483927484]}, "properties": {"km": 127.25, "score": "none", "cell_count": 0, "operators": [], "nearest_m": null}}, {"type": "Feature", "geometry": {"type": "Point", "coordinates": [103.84658283495023, 22.397044433665137]}, "properties": {"km": 127.5, "score": "none", "cell_count": 0, "operators": [], "nearest_m": null}}, {"type": "Feature", "geometry": {"type": "Point", "coordinates": [103.84760649790803, 22.39519037970693]}, "properties": {"km": 127.75, "score": "none", "cell_count": 0, "operators": [], "nearest_m": null}}, {"type": "Feature", "geometry": {"type": "Point", "coordinates": [103.84870958345246, 22.393327395863114]}, "properties": {"km": 128.0, "score": "none", "cell_count": 0, "operators": [], "nearest_m": null}}, {"type": "Feature", "geometry": {"type": "Point", "coordinates": [103.84968353078881, 22.392176469211194]}, "properties": {"km": 128.25, "score": "none", "cell_count": 0, "operators": [], "nearest_m": null}}, {"type": "Feature", "geometry": {"type": "Point", "coordinates": [103.85137515996946, 22.39118484003054]}, "properties": {"km": 128.5, "score": "none", "cell_count": 0, "operators": [], "nearest_m": null}}, {"type": "Feature", "geometry": {"type": "Point", "coordinates": [103.85263541418203, 22.38980134770343]}, "properties": {"km": 128.75, "score": "none", "cell_count": 0, "operators": [], "nearest_m": null}}, {"type": "Feature", "geometry": {"type": "Point", "coordinates": [103.85353, 22.38815637504236]}, "properties": {"km": 129.0, "score": "none", "cell_count": 0, "operators": [], "nearest_m": null}}, {"type": "Feature", "geometry": {"type": "Point", "coordinates": [103.85498241870032, 22.388589795393482]}, "properties": {"km": 129.25, "score": "none", "cell_count": 0, "operators": [], "nearest_m": null}}, {"type": "Feature", "geometry": {"type": "Point", "coordinates": [103.85656192004458, 22.387391368869075]}, "properties": {"km": 129.5, "score": "none", "cell_count": 0, "operators": [], "nearest_m": null}}, {"type": "Feature", "geometry": {"type": "Point", "coordinates": [103.8581171982686, 22.386040628076746]}, "properties": {"km": 129.75, "score": "none", "cell_count": 0, "operators": [], "nearest_m": null}}, {"type": "Feature", "geometry": {"type": "Point", "coordinates": [103.85862423845707, 22.38438977946631]}, "properties": {"km": 130.0, "score": "none", "cell_count": 0, "operators": [], "nearest_m": null}}, {"type": "Feature", "geometry": {"type": "Point", "coordinates": [103.85973324368027, 22.382812107583682]}, "properties": {"km": 130.25, "score": "none", "cell_count": 0, "operators": [], "nearest_m": null}}, {"type": "Feature", "geometry": {"type": "Point", "coordinates": [103.85961631128906, 22.380947262257813]}, "properties": {"km": 130.5, "score": "none", "cell_count": 0, "operators": [], "nearest_m": null}}, {"type": "Feature", "geometry": {"type": "Point", "coordinates": [103.86099, 22.379511621666527]}, "properties": {"km": 130.75, "score": "none", "cell_count": 0, "operators": [], "nearest_m": null}}, {"type": "Feature", "geometry": {"type": "Point", "coordinates": [103.86078772649925, 22.37742046150672]}, "properties": {"km": 131.0, "score": "none", "cell_count": 0, "operators": [], "nearest_m": null}}, {"type": "Feature", "geometry": {"type": "Point", "coordinates": [103.86138422870391, 22.3759330205028]}, "properties": {"km": 131.25, "score": "none", "cell_count": 0, "operators": [], "nearest_m": null}}, {"type": "Feature", "geometry": {"type": "Point", "coordinates": [103.86303977617537, 22.376737865705223]}, "properties": {"km": 131.5, "score": "none", "cell_count": 0, "operators": [], "nearest_m": null}}, {"type": "Feature", "geometry": {"type": "Point", "coordinates": [103.86448732151992, 22.375405019973215]}, "properties": {"km": 131.75, "score": "none", "cell_count": 0, "operators": [], "nearest_m": null}}, {"type": "Feature", "geometry": {"type": "Point", "coordinates": [103.86603020246046, 22.37474753032611]}, "properties": {"km": 132.0, "score": "none", "cell_count": 0, "operators": [], "nearest_m": null}}, {"type": "Feature", "geometry": {"type": "Point", "coordinates": [103.86736405118816, 22.373879789152923]}, "properties": {"km": 132.25, "score": "none", "cell_count": 0, "operators": [], "nearest_m": null}}, {"type": "Feature", "geometry": {"type": "Point", "coordinates": [103.86782210283812, 22.3720311680799]}, "properties": {"km": 132.5, "score": "none", "cell_count": 0, "operators": [], "nearest_m": null}}, {"type": "Feature", "geometry": {"type": "Point", "coordinates": [103.86711360290249, 22.370577702176867]}, "properties": {"km": 132.75, "score": "none", "cell_count": 0, "operators": [], "nearest_m": null}}, {"type": "Feature", "geometry": {"type": "Point", "coordinates": [103.8666798783943, 22.36901420956292]}, "properties": {"km": 133.0, "score": "none", "cell_count": 0, "operators": [], "nearest_m": null}}, {"type": "Feature", "geometry": {"type": "Point", "coordinates": [103.86549266812258, 22.3673308676858]}, "properties": {"km": 133.25, "score": "none", "cell_count": 0, "operators": [], "nearest_m": null}}, {"type": "Feature", "geometry": {"type": "Point", "coordinates": [103.86629378413501, 22.367457568270016]}, "properties": {"km": 133.5, "score": "none", "cell_count": 0, "operators": [], "nearest_m": null}}, {"type": "Feature", "geometry": {"type": "Point", "coordinates": [103.86808943869741, 22.367633456417884]}, "properties": {"km": 133.75, "score": "none", "cell_count": 0, "operators": [], "nearest_m": null}}, {"type": "Feature", "geometry": {"type": "Point", "coordinates": [103.86928202095864, 22.367274015718976]}, "properties": {"km": 134.0, "score": "none", "cell_count": 0, "operators": [], "nearest_m": null}}, {"type": "Feature", "geometry": {"type": "Point", "coordinates": [103.86978014375244, 22.36868575535784]}, "properties": {"km": 134.25, "score": "none", "cell_count": 0, "operators": [], "nearest_m": null}}, {"type": "Feature", "geometry": {"type": "Point", "coordinates": [103.87063981090347, 22.368097385981265]}, "properties": {"km": 134.5, "score": "none", "cell_count": 0, "operators": [], "nearest_m": null}}, {"type": "Feature", "geometry": {"type": "Point", "coordinates": [103.87252252449541, 22.36722]}, "properties": {"km": 134.75, "score": "none", "cell_count": 0, "operators": [], "nearest_m": null}}, {"type": "Feature", "geometry": {"type": "Point", "coordinates": [103.87420938453879, 22.36676215375861]}, "properties": {"km": 135.0, "score": "none", "cell_count": 0, "operators": [], "nearest_m": null}}, {"type": "Feature", "geometry": {"type": "Point", "coordinates": [103.87573392010218, 22.36591043195913]}, "properties": {"km": 135.25, "score": "none", "cell_count": 0, "operators": [], "nearest_m": null}}, {"type": "Feature", "geometry": {"type": "Point", "coordinates": [103.87743495694676, 22.364903217043558]}, "properties": {"km": 135.5, "score": "none", "cell_count": 0, "operators": [], "nearest_m": null}}, {"type": "Feature", "geometry": {"type": "Point", "coordinates": [103.87923475034901, 22.363571649092584]}, "properties": {"km": 135.75, "score": "none", "cell_count": 0, "operators": [], "nearest_m": null}}, {"type": "Feature", "geometry": {"type": "Point", "coordinates": [103.88147926951493, 22.363631788414178]}, "properties": {"km": 136.0, "score": "none", "cell_count": 0, "operators": [], "nearest_m": null}}, {"type": "Feature", "geometry": {"type": "Point", "coordinates": [103.8829265063502, 22.362319417725036]}, "properties": {"km": 136.25, "score": "none", "cell_count": 0, "operators": [], "nearest_m": null}}, {"type": "Feature", "geometry": {"type": "Point", "coordinates": [103.8848760858341, 22.361627399161332]}, "properties": {"km": 136.5, "score": "none", "cell_count": 0, "operators": [], "nearest_m": null}}, {"type": "Feature", "geometry": {"type": "Point", "coordinates": [103.88614711958023, 22.36012315216791]}, "properties": {"km": 136.75, "score": "none", "cell_count": 0, "operators": [], "nearest_m": null}}, {"type": "Feature", "geometry": {"type": "Point", "coordinates": [103.88710899338597, 22.35822421455088]}, "properties": {"km": 137.0, "score": "none", "cell_count": 0, "operators": [], "nearest_m": null}}, {"type": "Feature", "geometry": {"type": "Point", "coordinates": [103.88586624868682, 22.356406238181446]}, "properties": {"km": 137.25, "score": "none", "cell_count": 0, "operators": [], "nearest_m": null}}, {"type": "Feature", "geometry": {"type": "Point", "coordinates": [103.88509672633366, 22.354493631668323]}, "properties": {"km": 137.5, "score": "none", "cell_count": 0, "operators": [], "nearest_m": null}}, {"type": "Feature", "geometry": {"type": "Point", "coordinates": [103.8835321268983, 22.353320211497177]}, "properties": {"km": 137.75, "score": "none", "cell_count": 0, "operators": [], "nearest_m": null}}, {"type": "Feature", "geometry": {"type": "Point", "coordinates": [103.88325319373197, 22.351450322387382]}, "properties": {"km": 138.0, "score": "none", "cell_count": 0, "operators": [], "nearest_m": null}}, {"type": "Feature", "geometry": {"type": "Point", "coordinates": [103.88199038205369, 22.35007509551342]}, "properties": {"km": 138.25, "score": "none", "cell_count": 0, "operators": [], "nearest_m": null}}, {"type": "Feature", "geometry": {"type": "Point", "coordinates": [103.8821000847624, 22.34798510595299]}, "properties": {"km": 138.5, "score": "none", "cell_count": 0, "operators": [], "nearest_m": null}}, {"type": "Feature", "geometry": {"type": "Point", "coordinates": [103.8825440255497, 22.346395974450292]}, "properties": {"km": 138.75, "score": "none", "cell_count": 0, "operators": [], "nearest_m": null}}, {"type": "Feature", "geometry": {"type": "Point", "coordinates": [103.88325192357661, 22.34438221016434]}, "properties": {"km": 139.0, "score": "none", "cell_count": 0, "operators": [], "nearest_m": null}}, {"type": "Feature", "geometry": {"type": "Point", "coordinates": [103.883673798783, 22.342273254563764]}, "properties": {"km": 139.25, "score": "none", "cell_count": 0, "operators": [], "nearest_m": null}}, {"type": "Feature", "geometry": {"type": "Point", "coordinates": [103.88449870200037, 22.340508365601043]}, "properties": {"km": 139.5, "score": "none", "cell_count": 0, "operators": [], "nearest_m": null}}, {"type": "Feature", "geometry": {"type": "Point", "coordinates": [103.88570755187811, 22.339469695735918]}, "properties": {"km": 139.75, "score": "none", "cell_count": 0, "operators": [], "nearest_m": null}}, {"type": "Feature", "geometry": {"type": "Point", "coordinates": [103.8853326999562, 22.337344633474494]}, "properties": {"km": 140.0, "score": "none", "cell_count": 0, "operators": [], "nearest_m": null}}, {"type": "Feature", "geometry": {"type": "Point", "coordinates": [103.88540522455753, 22.3356460233091]}, "properties": {"km": 140.25, "score": "none", "cell_count": 0, "operators": [], "nearest_m": null}}, {"type": "Feature", "geometry": {"type": "Point", "coordinates": [103.88566135093697, 22.333749371095955]}, "properties": {"km": 140.5, "score": "none", "cell_count": 0, "operators": [], "nearest_m": null}}, {"type": "Feature", "geometry": {"type": "Point", "coordinates": [103.88601, 22.331581282718233]}, "properties": {"km": 140.75, "score": "none", "cell_count": 0, "operators": [], "nearest_m": null}}, {"type": "Feature", "geometry": {"type": "Point", "coordinates": [103.88693014931677, 22.329789850683238]}, "properties": {"km": 141.0, "score": "none", "cell_count": 0, "operators": [], "nearest_m": null}}, {"type": "Feature", "geometry": {"type": "Point", "coordinates": [103.88750395085465, 22.327746729700554]}, "properties": {"km": 141.25, "score": "none", "cell_count": 0, "operators": [], "nearest_m": null}}, {"type": "Feature", "geometry": {"type": "Point", "coordinates": [103.88794170876727, 22.32593135215438]}, "properties": {"km": 141.5, "score": "none", "cell_count": 0, "operators": [], "nearest_m": null}}, {"type": "Feature", "geometry": {"type": "Point", "coordinates": [103.88972669778535, 22.32487997332685]}, "properties": {"km": 141.75, "score": "none", "cell_count": 0, "operators": [], "nearest_m": null}}, {"type": "Feature", "geometry": {"type": "Point", "coordinates": [103.8913896579383, 22.32382447353901]}, "properties": {"km": 142.0, "score": "none", "cell_count": 0, "operators": [], "nearest_m": null}}, {"type": "Feature", "geometry": {"type": "Point", "coordinates": [103.89217546951635, 22.32214933689542]}, "properties": {"km": 142.25, "score": "none", "cell_count": 0, "operators": [], "nearest_m": null}}, {"type": "Feature", "geometry": {"type": "Point", "coordinates": [103.89376118122084, 22.32188440938958]}, "properties": {"km": 142.5, "score": "none", "cell_count": 0, "operators": [], "nearest_m": null}}, {"type": "Feature", "geometry": {"type": "Point", "coordinates": [103.8954517698635, 22.320601876163803]}, "properties": {"km": 142.75, "score": "none", "cell_count": 0, "operators": [], "nearest_m": null}}, {"type": "Feature", "geometry": {"type": "Point", "coordinates": [103.89563806305351, 22.31926225869135]}, "properties": {"km": 143.0, "score": "none", "cell_count": 0, "operators": [], "nearest_m": null}}, {"type": "Feature", "geometry": {"type": "Point", "coordinates": [103.89711364516, 22.318333645160013]}, "properties": {"km": 143.25, "score": "none", "cell_count": 0, "operators": [], "nearest_m": null}}, {"type": "Feature", "geometry": {"type": "Point", "coordinates": [103.89842729499735, 22.316752705002646]}, "properties": {"km": 143.5, "score": "none", "cell_count": 0, "operators": [], "nearest_m": null}}, {"type": "Feature", "geometry": {"type": "Point", "coordinates": [103.89922014938436, 22.315352537346094]}, "properties": {"km": 143.75, "score": "none", "cell_count": 0, "operators": [], "nearest_m": null}}, {"type": "Feature", "geometry": {"type": "Point", "coordinates": [103.9015084855338, 22.31525586758169]}, "properties": {"km": 144.0, "score": "none", "cell_count": 0, "operators": [], "nearest_m": null}}, {"type": "Feature", "geometry": {"type": "Point", "coordinates": [103.90320915347557, 22.31390762560219]}, "properties": {"km": 144.25, "score": "none", "cell_count": 0, "operators": [], "nearest_m": null}}, {"type": "Feature", "geometry": {"type": "Point", "coordinates": [103.90493557142086, 22.312613103909424]}, "properties": {"km": 144.5, "score": "none", "cell_count": 0, "operators": [], "nearest_m": null}}, {"type": "Feature", "geometry": {"type": "Point", "coordinates": [103.90564716583084, 22.31138]}, "properties": {"km": 144.75, "score": "none", "cell_count": 0, "operators": [], "nearest_m": null}}, {"type": "Feature", "geometry": {"type": "Point", "coordinates": [103.90494432239555, 22.310207032813327]}, "properties": {"km": 145.0, "score": "none", "cell_count": 0, "operators": [], "nearest_m": null}}, {"type": "Feature", "geometry": {"type": "Point", "coordinates": [103.90698620791757, 22.31047189604121]}, "properties": {"km": 145.25, "score": "none", "cell_count": 0, "operators": [], "nearest_m": null}}, {"type": "Feature", "geometry": {"type": "Point", "coordinates": [103.90665362591965, 22.308685458026787]}, "properties": {"km": 145.5, "score": "none", "cell_count": 0, "operators": [], "nearest_m": null}}, {"type": "Feature", "geometry": {"type": "Point", "coordinates": [103.90744, 22.30866949985711]}, "properties": {"km": 145.75, "score": "none", "cell_count": 0, "operators": [], "nearest_m": null}}, {"type": "Feature", "geometry": {"type": "Point", "coordinates": [103.90848606492845, 22.307194231186006]}, "properties": {"km": 146.0, "score": "none", "cell_count": 0, "operators": [], "nearest_m": null}}, {"type": "Feature", "geometry": {"type": "Point", "coordinates": [103.91011511850569, 22.305776298996893]}, "properties": {"km": 146.25, "score": "none", "cell_count": 0, "operators": [], "nearest_m": null}}, {"type": "Feature", "geometry": {"type": "Point", "coordinates": [103.91196328174976, 22.30440724694263]}, "properties": {"km": 146.5, "score": "none", "cell_count": 0, "operators": [], "nearest_m": null}}, {"type": "Feature", "geometry": {"type": "Point", "coordinates": [103.9135053124705, 22.302791017641056]}, "properties": {"km": 146.75, "score": "none", "cell_count": 0, "operators": [], "nearest_m": null}}, {"type": "Feature", "geometry": {"type": "Point", "coordinates": [103.91564432192162, 22.302580946346396]}, "properties": {"km": 147.0, "score": "none", "cell_count": 0, "operators": [], "nearest_m": null}}, {"type": "Feature", "geometry": {"type": "Point", "coordinates": [103.91743979354831, 22.30182]}, "properties": {"km": 147.25, "score": "none", "cell_count": 0, "operators": [], "nearest_m": null}}, {"type": "Feature", "geometry": {"type": "Point", "coordinates": [103.91952077978179, 22.30200806769093]}, "properties": {"km": 147.5, "score": "none", "cell_count": 0, "operators": [], "nearest_m": null}}, {"type": "Feature", "geometry": {"type": "Point", "coordinates": [103.92069744758912, 22.301012552410874]}, "properties": {"km": 147.75, "score": "none", "cell_count": 0, "operators": [], "nearest_m": null}}, {"type": "Feature", "geometry": {"type": "Point", "coordinates": [103.92217495830278, 22.30031264594028]}, "properties": {"km": 148.0, "score": "none", "cell_count": 0, "operators": [], "nearest_m": null}}, {"type": "Feature", "geometry": {"type": "Point", "coordinates": [103.92370951551611, 22.30049747413981]}, "properties": {"km": 148.25, "score": "none", "cell_count": 0, "operators": [], "nearest_m": null}}, {"type": "Feature", "geometry": {"type": "Point", "coordinates": [103.92465731031587, 22.300505379368285]}, "properties": {"km": 148.5, "score": "none", "cell_count": 0, "operators": [], "nearest_m": null}}, {"type": "Feature", "geometry": {"type": "Point", "coordinates": [103.92497, 22.29859815942302]}, "properties": {"km": 148.75, "score": "none", "cell_count": 0, "operators": [], "nearest_m": null}}, {"type": "Feature", "geometry": {"type": "Point", "coordinates": [103.92667244217743, 22.29767704521822]}, "properties": {"km": 149.0, "score": "none", "cell_count": 0, "operators": [], "nearest_m": null}}, {"type": "Feature", "geometry": {"type": "Point", "coordinates": [103.9283570787536, 22.2970778651558]}, "properties": {"km": 149.25, "score": "none", "cell_count": 0, "operators": [], "nearest_m": null}}, {"type": "Feature", "geometry": {"type": "Point", "coordinates": [103.93009129589703, 22.295792253419144]}, "properties": {"km": 149.5, "score": "none", "cell_count": 0, "operators": [], "nearest_m": null}}, {"type": "Feature", "geometry": {"type": "Point", "coordinates": [103.93156189198045, 22.29414432405863]}, "properties": {"km": 149.75, "score": "none", "cell_count": 0, "operators": [], "nearest_m": null}}, {"type": "Feature", "geometry": {"type": "Point", "coordinates": [103.93286977748801, 22.292463143229703]}, "properties": {"km": 150.0, "score": "none", "cell_count": 0, "operators": [], "nearest_m": null}}, {"type": "Feature", "geometry": {"type": "Point", "coordinates": [103.93488989324966, 22.29156907149994]}, "properties": {"km": 150.25, "score": "none", "cell_count": 0, "operators": [], "nearest_m": null}}, {"type": "Feature", "geometry": {"type": "Point", "coordinates": [103.93704678713817, 22.2908]}, "properties": {"km": 150.5, "score": "none", "cell_count": 0, "operators": [], "nearest_m": null}}, {"type": "Feature", "geometry": {"type": "Point", "coordinates": [103.9390887091789, 22.290390344218956]}, "properties": {"km": 150.75, "score": "none", "cell_count": 0, "operators": [], "nearest_m": null}}, {"type": "Feature", "geometry": {"type": "Point", "coordinates": [103.94136354400464, 22.29003]}, "properties": {"km": 151.0, "score": "none", "cell_count": 0, "operators": [], "nearest_m": null}}, {"type": "Feature", "geometry": {"type": "Point", "coordinates": [103.94341048152194, 22.28937550791917]}, "properties": {"km": 151.25, "score": "none", "cell_count": 0, "operators": [], "nearest_m": null}}, {"type": "Feature", "geometry": {"type": "Point", "coordinates": [103.94511736610653, 22.29014736610653]}, "properties": {"km": 151.5, "score": "none", "cell_count": 0, "operators": [], "nearest_m": null}}, {"type": "Feature", "geometry": {"type": "Point", "coordinates": [103.94656763140487, 22.29162757300271]}, "properties": {"km": 151.75, "score": "none", "cell_count": 0, "operators": [], "nearest_m": null}}, {"type": "Feature", "geometry": {"type": "Point", "coordinates": [103.94753245294828, 22.29357899414368]}, "properties": {"km": 152.0, "score": "none", "cell_count": 0, "operators": [], "nearest_m": null}}, {"type": "Feature", "geometry": {"type": "Point", "coordinates": [103.94713836158246, 22.294143020426045]}, "properties": {"km": 152.25, "score": "none", "cell_count": 0, "operators": [], "nearest_m": null}}, {"type": "Feature", "geometry": {"type": "Point", "coordinates": [103.94798877180091, 22.29505805071091]}, "properties": {"km": 152.5, "score": "none", "cell_count": 0, "operators": [], "nearest_m": null}}, {"type": "Feature", "geometry": {"type": "Point", "coordinates": [103.94875406710251, 22.2955383055747]}, "properties": {"km": 152.75, "score": "none", "cell_count": 0, "operators": [], "nearest_m": null}}, {"type": "Feature", "geometry": {"type": "Point", "coordinates": [103.94995904360684, 22.295514104064946]}, "properties": {"km": 153.0, "score": "none", "cell_count": 0, "operators": [], "nearest_m": null}}, {"type": "Feature", "geometry": {"type": "Point", "coordinates": [103.95103405245655, 22.293942536387025]}, "properties": {"km": 153.25, "score": "none", "cell_count": 0, "operators": [], "nearest_m": null}}, {"type": "Feature", "geometry": {"type": "Point", "coordinates": [103.95187887225605, 22.292434184959674]}, "properties": {"km": 153.5, "score": "none", "cell_count": 0, "operators": [], "nearest_m": null}}, {"type": "Feature", "geometry": {"type": "Point", "coordinates": [103.95333406810389, 22.291612965948065]}, "properties": {"km": 153.75, "score": "none", "cell_count": 0, "operators": [], "nearest_m": null}}, {"type": "Feature", "geometry": {"type": "Point", "coordinates": [103.9547190628226, 22.291392368149385]}, "properties": {"km": 154.0, "score": "none", "cell_count": 0, "operators": [], "nearest_m": null}}, {"type": "Feature", "geometry": {"type": "Point", "coordinates": [103.95671899483803, 22.290451507742958]}, "properties": {"km": 154.25, "score": "none", "cell_count": 0, "operators": [], "nearest_m": null}}, {"type": "Feature", "geometry": {"type": "Point", "coordinates": [103.95734, 22.289351004205653]}, "properties": {"km": 154.5, "score": "none", "cell_count": 0, "operators": [], "nearest_m": null}}, {"type": "Feature", "geometry": {"type": "Point", "coordinates": [103.95922836218422, 22.288541010772718]}, "properties": {"km": 154.75, "score": "none", "cell_count": 0, "operators": [], "nearest_m": null}}, {"type": "Feature", "geometry": {"type": "Point", "coordinates": [103.96019729551831, 22.28667647759158]}, "properties": {"km": 155.0, "score": "none", "cell_count": 0, "operators": [], "nearest_m": null}}, {"type": "Feature", "geometry": {"type": "Point", "coordinates": [103.96144499070998, 22.28487544488046]}, "properties": {"km": 155.25, "score": "none", "cell_count": 0, "operators": [], "nearest_m": null}}, {"type": "Feature", "geometry": {"type": "Point", "coordinates": [103.96114264183505, 22.283394825216497]}, "properties": {"km": 155.5, "score": "none", "cell_count": 0, "operators": [], "nearest_m": null}}, {"type": "Feature", "geometry": {"type": "Point", "coordinates": [103.96162947321915, 22.281781316952138]}, "properties": {"km": 155.75, "score": "none", "cell_count": 0, "operators": [], "nearest_m": null}}, {"type": "Feature", "geometry": {"type": "Point", "coordinates": [103.96333154893256, 22.280531508095557]}, "properties": {"km": 156.0, "score": "none", "cell_count": 0, "operators": [], "nearest_m": null}}, {"type": "Feature", "geometry": {"type": "Point", "coordinates": [103.96437965233517, 22.27934415140795]}, "properties": {"km": 156.25, "score": "none", "cell_count": 0, "operators": [], "nearest_m": null}}, {"type": "Feature", "geometry": {"type": "Point", "coordinates": [103.96470627222489, 22.27769547564041]}, "properties": {"km": 156.5, "score": "none", "cell_count": 0, "operators": [], "nearest_m": null}}, {"type": "Feature", "geometry": {"type": "Point", "coordinates": [103.96636328786609, 22.276284027280347]}, "properties": {"km": 156.75, "score": "none", "cell_count": 0, "operators": [], "nearest_m": null}}, {"type": "Feature", "geometry": {"type": "Point", "coordinates": [103.9667, 22.27626]}, "properties": {"km": 156.785, "score": "none", "cell_count": 0, "operators": [], "nearest_m": null}}]}